"name","county","town","category_guess","address","phone","website","email","google_rating","review_count","business_status","contact_source","google_maps_url","place_id","contact_quality","discovery_score","notes","ready_for_import","flag_reason","official_email","official_phone","whatsapp_number","facebook_url","contact_page","principal_name","deputy_name","ict_contact","admissions_contact","email_source","phone_source","website_source","facebook_source","contact_confidence","last_verified"
"2k","Kirinyaga","Baricho","Unknown","C6WH+WGQ, Baricho, Kenya","","","","","","OPERATIONAL","google_places","https://www.google.com/maps/place/?q=place_id:ChIJ9a8_F3ODKBgRAFoQJ_FDk0k","ChIJ9a8_F3ODKBgRAFoQJ_FDk0k","Unknown","0","No website; Phone missing","FALSE","junk/non-school Places entry; missing phone; missing email; missing website","","","","","","","","","","","","","","Unknown","2026-07-22"
"Alber School Kutus","Kirinyaga","Kutus","Unknown","C8GG+J42, Kutus, Kenya","+254 720 720659","","","4.3","70","OPERATIONAL","google_places","https://www.google.com/maps/place/?q=place_id:ChIJz2cg-H8pJhgRAq14hV0lup4","ChIJz2cg-H8pJhgRAq14hV0lup4","Low","60","No website; Currently closed (per Google)","FALSE","missing email; missing website","","","","","","","","","","","","","","Unknown","2026-07-22"
"All Saints Girls High School","Kirinyaga","Sagana","Girls","Sagana, Kenya","","","","","","OPERATIONAL","google_places","https://www.google.com/maps/place/?q=place_id:ChIJu_2WfKueKBgRX0yGBdUtB3k","ChIJu_2WfKueKBgRX0yGBdUtB3k","Unknown","0","No website; Phone missing","FALSE","missing phone; missing email; missing website","","","","","","","","","","","","","","Unknown","2026-07-22"
"All Saints Kianyaga Academy & Junior Secondary School","Kirinyaga","Kianyaga","Junior Secondary","Kirinyaga District Kianyaga KE, Kianyaga, Kenya","+254 727 242099","","","","","OPERATIONAL","google_places","https://www.google.com/maps/place/?q=place_id:ChIJoZQFUQ8rJhgRVBGpr0yZ3zU","ChIJoZQFUQ8rJhgRVBGpr0yZ3zU","Low","20","No website; Currently closed (per Google)","FALSE","missing email; missing website","","","","","","","","","","","","","","Unknown","2026-07-22"
"Arch-bishop Gitari Boarding School","Kirinyaga","Wanguru","Unknown","FCHH+VGP, Mururi, Kenya","+254 722 422983","","","","","OPERATIONAL","google_places","https://www.google.com/maps/place/?q=place_id:ChIJd39QZcotJhgRnFDDITrsUDc","ChIJd39QZcotJhgRnFDDITrsUDc","Low","20","No website","FALSE","missing email; missing website","","","","","","","","","","","","","","Unknown","2026-07-22"
"At peter’s Mwea Mixed secondary school","Kirinyaga","Wanguru","Mixed Day","886Q+4X7, Karima Village, Kenya","","","","","","OPERATIONAL","google_places","https://www.google.com/maps/place/?q=place_id:ChIJ27h7HAAhJhgR-VjTwL-Fr2A","ChIJ27h7HAAhJhgR-VjTwL-Fr2A","Unknown","0","No website; Phone missing","FALSE","missing phone; missing email; missing website","","","","","","","","","","","","","","Unknown","2026-07-22"
"Baricho East Secondary School","Kirinyaga","Baricho","Public Secondary","C6WR+8QW, Baricho, Kenya","","","","","","OPERATIONAL","google_places","https://www.google.com/maps/place/?q=place_id:ChIJQfU_iceDKBgRxUCBrqQarCY","ChIJQfU_iceDKBgRxUCBrqQarCY","Unknown","0","No website; Phone missing","FALSE","missing phone; missing email; missing website","","","","","","","","","","","","","","Unknown","2026-07-22"
"Baricho High School","Kirinyaga","Kutus","Public Secondary","C6WH+RRH, Unnamed Road, Baricho, Kenya","","","","","","OPERATIONAL","google_places","https://www.google.com/maps/place/?q=place_id:ChIJMV8FiNmDKBgRFKZdbn6B4k0","ChIJMV8FiNmDKBgRFKZdbn6B4k0","Unknown","0","No website; Phone missing; Currently closed (per Google)","FALSE","missing phone; missing email; missing website","","","","","","","","","","","","","","Unknown","2026-07-22"
"Baricho S.S.","Kirinyaga","Kutus","Unknown","Thiguku, Kenya","+254 707 419880","https://barichohighschool.sc.ke/","","","","OPERATIONAL","google_places","https://www.google.com/maps/place/?q=place_id:ChIJL4UlLD2DKBgRGqwG7ewnLKA","ChIJL4UlLD2DKBgRGqwG7ewnLKA","Medium","40","Website unreachable; Currently closed (per Google)","FALSE","missing email","","","","","","","","","","","","","","Unknown","2026-07-22"
"BISHOP KAIRO EDUCATION CENTRE PRI SCH","Kirinyaga","Sagana","Unknown","TOWNSHIP, Murang'a, Kenya","+254 728 966221","http://bishopkairoeducationcentre.sc.ke/","","","","OPERATIONAL","google_places","https://www.google.com/maps/place/?q=place_id:ChIJe_AkkAuZKBgRxDGWLHvLQhA","ChIJe_AkkAuZKBgRxDGWLHvLQhA","Medium","40","Website unreachable; Currently closed (per Google)","FALSE","out of scope: primary school; missing email","","","","","","","","","","","","","","Unknown","2026-07-22"
"Blessed Small Angels Academy","Kirinyaga","Sagana","Academy","77Q4+GRG, Rukanga, Kenya","","","","","","OPERATIONAL","google_places","https://www.google.com/maps/place/?q=place_id:ChIJs1x-GgCfKBgRoX5WVucmslU","ChIJs1x-GgCfKBgRoX5WVucmslU","Unknown","0","No website; Phone missing","FALSE","missing phone; missing email; missing website","","","","","","","","","","","","","","Unknown","2026-07-22"
"Brenda School","Kirinyaga","Baricho","Unknown","F62R+83C, Baricho, Kenya","","","","","","OPERATIONAL","google_places","https://www.google.com/maps/place/?q=place_id:ChIJ6afDRMSDKBgRwq-4M_DYKCs","ChIJ6afDRMSDKBgRwq-4M_DYKCs","Unknown","0","No website; Phone missing; Currently closed (per Google)","FALSE","missing phone; missing email; missing website","","","","","","","","","","","","","","Unknown","2026-07-22"
"Bridge International Academy - Baricho","Kirinyaga","Baricho","Academy","Sagana Karatina Road, Kenya","+254 700 600683","http://www.bridgeinternationalacademies.com/","","","","OPERATIONAL","google_places","https://www.google.com/maps/place/?q=place_id:ChIJ60QkO8CDKBgR3zrod-DvrvU","ChIJ60QkO8CDKBgR3zrod-DvrvU","Medium","40","Website unreachable","FALSE","shares website with: Bridge International Academy - Kutus, Bridge International Academy - Ndorome (verify: real duplicate vs. legitimate multi-branch chain); missing email","","","","","","","","","","","","","","Unknown","2026-07-22"
"Bridge International Academy - Kutus","Kirinyaga","Kutus","Academy","C8FC+W8M, Kutus, Kenya","+254 727 128057","http://www.bridgeinternationalacademies.com/","info@bridgeinternationalacademies.com","","","OPERATIONAL","google_places","https://www.google.com/maps/place/?q=place_id:ChIJ-ZiUW0goJhgRgyTGQ-LhAx0","ChIJ-ZiUW0goJhgRgyTGQ-LhAx0","High","60","Email inferred","FALSE","shares website with: Bridge International Academy - Baricho, Bridge International Academy - Ndorome (verify: real duplicate vs. legitimate multi-branch chain)","info@bridgeinternationalacademies.com","","","http://www.facebook.com/bridgeinternationalacademies/","","","","","","official_website:http://www.bridgeinternationalacademies.com","","http://www.bridgeinternationalacademies.com","official_website:http://www.bridgeinternationalacademies.com","Verified","2026-07-22"
"Bridge International Academy - Ndorome","Kirinyaga","Wanguru","Academy","88RH+8RP, Wang'uru, Kenya","+254 716 058526","http://www.bridgeinternationalacademies.com","","","","OPERATIONAL","google_places","https://www.google.com/maps/place/?q=place_id:ChIJN-PdOy0nJhgRre103Kwu5C8","ChIJN-PdOy0nJhgRre103Kwu5C8","Medium","40","Website unreachable","FALSE","shares website with: Bridge International Academy - Baricho, Bridge International Academy - Kutus (verify: real duplicate vs. legitimate multi-branch chain); missing email","info@bridgeinternationalacademies.com","","","http://www.facebook.com/bridgeinternationalacademies/","","","","","","official_website:http://www.bridgeinternationalacademies.com","","http://www.bridgeinternationalacademies.com","official_website:http://www.bridgeinternationalacademies.com","Medium","2026-07-22"
"Ciagiini mixed day secondary school","Kirinyaga","Wanguru","Mixed Day","8985+CFV, Wang'uru, Kenya","","","","","","OPERATIONAL","google_places","https://www.google.com/maps/place/?q=place_id:ChIJgUsJCAAhJhgRkVNcApWnnI8","ChIJgUsJCAAhJhgRkVNcApWnnI8","Unknown","0","No website; Phone missing","FALSE","missing phone; missing email; missing website","","","","","","","","","","","","","","Unknown","2026-07-22"
"Co-op Kwa Jirani Kirinyaga Plains Academy Ltd","Kirinyaga","Wanguru","Academy","Main Street, Wanguru, Kenya","+254 722 317400","http://www.co-opbank.co.ke/","","","","OPERATIONAL","google_places","https://www.google.com/maps/place/?q=place_id:ChIJeQJTWQ0hJhgRp091VLJ-OO8","ChIJeQJTWQ0hJhgRp091VLJ-OO8","Medium","40","Website unreachable","FALSE","suspected website mismatch (school name not found in website domain — verify by hand); missing email","customerservice@co-opbank.co.ke","","254736690101","https://www.facebook.com/coopbankenya/","","","","","","official_website:http://www.co-opbank.co.ke/about","","http://www.co-opbank.co.ke/about; http://www.co-opbank.co.ke/about-us","official_website:http://www.co-opbank.co.ke/about","Medium","2026-07-22"
"Diplomat Academy","Kirinyaga","Kerugoya","Academy","Kerugoya, Kenya","+254 60 21540","","","","","OPERATIONAL","google_places","https://www.google.com/maps/place/?q=place_id:ChIJ9U1jGz2AKBgRtB3RzsZ4NPs","ChIJ9U1jGz2AKBgRtB3RzsZ4NPs","Low","20","No website; Currently closed (per Google)","FALSE","missing email; missing website","","","","","","","","","","","","","","Unknown","2026-07-22"
"Double blessing Academy","Kirinyaga","Wanguru","Academy","882R+PRX, Wang'uru, Kenya","+254 721 300914","","","","","OPERATIONAL","google_places","https://www.google.com/maps/place/?q=place_id:ChIJB9HfCwAhJhgROhViMw5dRUg","ChIJB9HfCwAhJhgROhViMw5dRUg","Low","20","No website","FALSE","missing email; missing website","","","","","","","","","","","","","","Unknown","2026-07-22"
"Dr. Babla Girls","Kirinyaga","Kagio","Girls","P.O Box 126-10306, Kagio, Kenya","","","","","","OPERATIONAL","google_places","https://www.google.com/maps/place/?q=place_id:ChIJpREKalmdKBgRxd30sQhJ-Us","ChIJpREKalmdKBgRxd30sQhJ-Us","Unknown","0","No website; Phone missing","FALSE","missing phone; missing email; missing website","","","","","","","","","","","","","","Unknown","2026-07-22"
"Edinburgh School","Kirinyaga","Kagio","Unknown","74MW+W8G, Murang'a, Kenya","+254 20 7850041","","","4.3","24","OPERATIONAL","google_places","https://www.google.com/maps/place/?q=place_id:ChIJhTEjPA2YKBgReorAILu7ZGc","ChIJhTEjPA2YKBgReorAILu7ZGc","Low","60","No website","FALSE","address/name references Murang County, not Kirinyaga; missing email; missing website","","","","","","","","","","","","","","Unknown","2026-07-22"
"Effort Boys Senior School","Kirinyaga","Kutus","Boys","Rware Kerugoya, Kutus- Kerugoya Rd, Nyeri, Kenya","+254 20 3525831","","","","","OPERATIONAL","google_places","https://www.google.com/maps/place/?q=place_id:ChIJPf45TwoqJhgRLPA8u0L1SlY","ChIJPf45TwoqJhgRLPA8u0L1SlY","Low","20","No website; Currently closed (per Google)","FALSE","address/name references Nyeri County, not Kirinyaga; missing email; missing website","","","","","","","","","","","","","","Unknown","2026-07-22"
"Effort Junior Academy","Kirinyaga","Kerugoya","Junior Secondary","Kerugoya, Kenya","","http://effortschools.co.ke/","","","","OPERATIONAL","google_places","https://www.google.com/maps/place/?q=place_id:ChIJe12aKUiAKBgR76nPbv-MJN8","ChIJe12aKUiAKBgR76nPbv-MJN8","Low","20","Website unreachable; Phone missing","FALSE","missing phone; missing email","","","","","","","","","","","","","","Unknown","2026-07-22"
"El Shaddai Academy","Kirinyaga","Kagio","Academy","Kiandai Village, Kenya","","","","","","OPERATIONAL","google_places","https://www.google.com/maps/place/?q=place_id:ChIJS5LPjkCDKBgRODoqsPLporo","ChIJS5LPjkCDKBgRODoqsPLporo","Unknown","0","No website; Phone missing","FALSE","missing phone; missing email; missing website","","","","","","","","","","","","","","Unknown","2026-07-22"
"Embu County Mixed Secondary School","Kirinyaga","Mwea","Mixed Day","P.O Box 176, FF43+W45, Embu, Kenya","+254 705 510544","","","","","OPERATIONAL","google_places","https://www.google.com/maps/place/?q=place_id:ChIJ4-4R9wsuJhgRE0RkLDMW4nI","ChIJ4-4R9wsuJhgRE0RkLDMW4nI","Low","20","No website; Currently closed (per Google)","FALSE","address/name references Embu County, not Kirinyaga; missing email; missing website","","","","","","","","","","","","","","Unknown","2026-07-22"
"Eramah Girls School.","Kirinyaga","Sagana","Girls","Kabuta area, along Murang'a - Sagana, Murang'a, Kenya","+254 791 264416","","","","","OPERATIONAL","google_places","https://www.google.com/maps/place/?q=place_id:ChIJextUwAGZKBgRrQfj8jZYD3w","ChIJextUwAGZKBgRrQfj8jZYD3w","Low","20","No website; Currently closed (per Google)","FALSE","address/name references Murang County, not Kirinyaga; missing email; missing website","","","","","","","","","","","","","","Unknown","2026-07-22"
"EXCEL ACADEMY ,MWEA","Kirinyaga","Wanguru","Academy","89V9+2XR, Wang'uru, Kenya","","","","","","OPERATIONAL","google_places","https://www.google.com/maps/place/?q=place_id:ChIJ23j3LQAnJhgRNJ1DCGdnluI","ChIJ23j3LQAnJhgRNJ1DCGdnluI","Unknown","0","No website; Phone missing; Currently closed (per Google)","FALSE","missing phone; missing email; missing website","","","","","","","","","","","","","","Unknown","2026-07-22"
"Facing Mt Kenya High School","Kirinyaga","Kerugoya","Public Secondary","Kaitheri, Kerugoya, Kenya","+254 701 805894","","","","","OPERATIONAL","google_places","https://www.google.com/maps/place/?q=place_id:ChIJVVyqMtKBKBgRi6cuFAR_XWI","ChIJVVyqMtKBKBgRi6cuFAR_XWI","Low","20","No website; Currently closed (per Google)","FALSE","missing email; missing website","","","","","","","","","","","","","","Unknown","2026-07-22"
"Fountain School Mwea","Kirinyaga","Wanguru","Unknown","Wang'uru, Kenya","+254 706 552277","","","","","OPERATIONAL","google_places","https://www.google.com/maps/place/?q=place_id:ChIJF9IdSHUhJhgR9kFEsUy3GIc","ChIJF9IdSHUhJhgR9kFEsUy3GIc","Low","20","No website; Currently closed (per Google)","FALSE","missing email; missing website","","","","","","","","","","","","","","Unknown","2026-07-22"
"GACHARU MIXED DAY SECONDARY SCHOOL","Kirinyaga","Sagana","Mixed Day","Gacharu, Kenya","","","","","","OPERATIONAL","google_places","https://www.google.com/maps/place/?q=place_id:ChIJUSa0YgCbKBgRyT9VEwsYDe0","ChIJUSa0YgCbKBgRyT9VEwsYDe0","Unknown","0","No website; Phone missing; Currently closed (per Google)","FALSE","missing phone; missing email; missing website","","","","","","","","","","","","","","Unknown","2026-07-22"
"Gakindu Secondary School","Kirinyaga","Sagana","Public Secondary","86PG+542, Unnamed Road, Sagana, Kenya","","","","","","OPERATIONAL","google_places","https://www.google.com/maps/place/?q=place_id:ChIJg-ClAtufKBgR1ULgpp8YVGQ","ChIJg-ClAtufKBgR1ULgpp8YVGQ","Unknown","0","No website; Phone missing","FALSE","missing phone; missing email; missing website","","","","","","","","","","","","","","Unknown","2026-07-22"
"Gakoigo Mixed Day Secondary School","Kirinyaga","Kerugoya","Mixed Day","P.O Box 62, Kiandieri-Gakoigo Road, Kenya","","","","","","OPERATIONAL","google_places","https://www.google.com/maps/place/?q=place_id:ChIJZQcgndiBKBgRME6WW20xqu0","ChIJZQcgndiBKBgRME6WW20xqu0","Unknown","0","No website; Phone missing","FALSE","missing phone; missing email; missing website","","","","","","","","","","","","","","Unknown","2026-07-22"
"Gathigiriri Secondary school","Kirinyaga","Wanguru","Public Secondary","8C43+XQ9, Kenya","","","","","","OPERATIONAL","google_places","https://www.google.com/maps/place/?q=place_id:ChIJjTtS1qYjJhgRogQ3ax0tKpM","ChIJjTtS1qYjJhgRogQ3ax0tKpM","Unknown","0","No website; Phone missing; Currently closed (per Google)","FALSE","missing phone; missing email; missing website","","","","","","","","","","","","","","Unknown","2026-07-22"
"Gatunguru Boys High School","Kirinyaga","Wanguru","Boys","4R4V+P98, Kiriko, Kenya","+254 791 236547","","","","","OPERATIONAL","google_places","https://www.google.com/maps/place/?q=place_id:ChIJN_zHLOvOKBgRs845cQSI7sI","ChIJN_zHLOvOKBgRs845cQSI7sI","Low","20","No website; Currently closed (per Google)","FALSE","missing email; missing website","","","","","","","","","","","","","","Unknown","2026-07-22"
"Gatunguru Secondary School","Kirinyaga","Wanguru","Public Secondary","P.O Box 946, Kenya","","","","","","OPERATIONAL","google_places","https://www.google.com/maps/place/?q=place_id:ChIJ45vA9awqJhgRU2Bkn5Lr-2U","ChIJ45vA9awqJhgRU2Bkn5Lr-2U","Unknown","0","No website; Phone missing","FALSE","missing phone; missing email; missing website","","","","","","","","","","","","","","Unknown","2026-07-22"
"Gatuto Mixed Day Secondary School","Kirinyaga","Kutus","Mixed Day","Gatuto Road, Kenya","+254 722 214826","","","","","OPERATIONAL","google_places","https://www.google.com/maps/place/?q=place_id:ChIJpUSKOGgpJhgRrtDZbqdNWYM","ChIJpUSKOGgpJhgRrtDZbqdNWYM","Low","20","No website; Currently closed (per Google)","FALSE","missing email; missing website","","","","","","","","","","","","","","Unknown","2026-07-22"
"Getuya Mixed Secondary School","Kirinyaga","Baricho","Mixed Day","P.O Box 1124, F69G+RGV Getuya Mixed Secondary School, Baricho, Kenya","","","","","","","google_places","https://www.google.com/maps/place/?q=place_id:ChIJRwA-jUSBKBgRqK2RkzI-UaA","ChIJRwA-jUSBKBgRqK2RkzI-UaA","Unknown","0","No website; Phone missing","FALSE","missing phone; missing email; missing website","","","","","","","","","","","","","","Unknown","2026-07-22"
"Glorious Shammah Academy","Kirinyaga","Kagio","Academy","97F3+399 Glorious Shammah Academy, C73, Kagio, Kenya","","","","","","","google_places","https://www.google.com/maps/place/?q=place_id:ChIJ9zO7O_6cKBgRfFVPYKHvBSQ","ChIJ9zO7O_6cKBgRfFVPYKHvBSQ","Unknown","0","No website; Phone missing","FALSE","missing phone; missing email; missing website","","","","","","","","","","","","","","Unknown","2026-07-22"
"Good Samaritan Secondary School","Kirinyaga","Wanguru","Public Secondary","789F+2J8, B6, Wamumu, Kenya","+254 727 640332","","","","","OPERATIONAL","google_places","https://www.google.com/maps/place/?q=place_id:ChIJyeTVTpEfJhgRv1MljmjK1Hw","ChIJyeTVTpEfJhgRv1MljmjK1Hw","Low","20","No website","FALSE","missing email; missing website","","","","","","","","","","","","","","Unknown","2026-07-22"
"Grace Winners Academy","Kirinyaga","Mwea","Academy","PI KARABA JUNCTION, Wamumu, Kenya","+254 722 230523","","","5","6","OPERATIONAL","google_places","https://www.google.com/maps/place/?q=place_id:ChIJi7a5HIMfJhgRgA1skxzWG6s","ChIJi7a5HIMfJhgRgA1skxzWG6s","Low","40","No website; Currently closed (per Google)","FALSE","missing email; missing website","","","","","","","","","","","","","","Unknown","2026-07-22"
"Grand Kago Academy","Kirinyaga","Kagio","Academy","Karatina, Kenya","+254 740 955203","","","4","2","OPERATIONAL","google_places","https://www.google.com/maps/place/?q=place_id:ChIJoZInOrZiKBgRbvUaKvvdRu8","ChIJoZInOrZiKBgRbvUaKvvdRu8","Low","40","No website","FALSE","missing email; missing website","","","","","","","","","","","","","","Unknown","2026-07-22"
"Greenvine yard Academy","Kirinyaga","Kianyaga","Academy","F9P3+J7F, Kianyaga, Kenya","+254 746 148434","","","","","OPERATIONAL","google_places","https://www.google.com/maps/place/?q=place_id:ChIJcdr1QCYrJhgRfu1U82-AgzM","ChIJcdr1QCYrJhgRfu1U82-AgzM","Low","20","No website; Currently closed (per Google)","FALSE","missing email; missing website","","","","","","","","","","","","","","Unknown","2026-07-22"
"Highcrest Preparatory School","Kirinyaga","Kagio","Academy","C73, Kenya","+254 726 026262","http://www.highcrestprep.com/","","4.9","8","OPERATIONAL","google_places","https://www.google.com/maps/place/?q=place_id:ChIJ5cQMnAOcKBgRH9lFypKczew","ChIJ5cQMnAOcKBgRH9lFypKczew","Medium","60","Website unreachable","FALSE","missing email","","","","","","","","","","","","","","Unknown","2026-07-22"
"Hillview Academy","Kirinyaga","Baricho","Academy","Hillview Academy, Kenya","","","","","","","google_places","https://www.google.com/maps/place/?q=place_id:ChIJTTfOF2uDKBgR1QOu_9DLy3M","ChIJTTfOF2uDKBgR1QOu_9DLy3M","Unknown","0","No website; Phone missing","FALSE","missing phone; missing email; missing website","","","","","","","","","","","","","","Unknown","2026-07-22"
"Jufred Primary School","Kirinyaga","Kagumo","Unknown","Kagumo, Kenya","","","","","","OPERATIONAL","google_places","https://www.google.com/maps/place/?q=place_id:ChIJdTvKnTx-KBgRrSkUQVjLWaM","ChIJdTvKnTx-KBgRrSkUQVjLWaM","Unknown","0","No website; Phone missing; Currently closed (per Google)","FALSE","out of scope: primary school; missing phone; missing email; missing website","","","","","","","","","","","","","","Unknown","2026-07-22"
"Kaanyaga Secondary School","Kirinyaga","Kianyaga","Public Secondary","RWV7+J2P, Marimanti, Kenya","+254 721 265135","","","","","OPERATIONAL","google_places","https://www.google.com/maps/place/?q=place_id:ChIJPzCun26cJxgRfmtNY7IBRf8","ChIJPzCun26cJxgRfmtNY7IBRf8","Low","20","No website","FALSE","missing email; missing website","","","","","","","","","","","","","","Unknown","2026-07-22"
"Kabare girls high school","Kirinyaga","Kerugoya","Girls","Gakoigo-Kabare Rd,Kerugoya Kirinyaga, Kenya","+254 720 043574","https://kabaregirls.sc.ke/","","","","OPERATIONAL","google_places","https://www.google.com/maps/place/?q=place_id:ChIJyY7r1ywrJhgRRXApX0U8tEY","ChIJyY7r1ywrJhgRRXApX0U8tEY","Medium","40","Website unreachable; Currently closed (per Google)","FALSE","missing email","","","","","","","","","","","","","","Unknown","2026-07-22"
"Kagio Hospital","Kirinyaga","Kagio","Unknown","Ithanga Kutus-Sagana Road Gatanga, Kenya","+254 722 397741","","","3.2","13","OPERATIONAL","google_places","https://www.google.com/maps/place/?q=place_id:ChIJVY35vlWcKBgRlYfvHrq8tKY","ChIJVY35vlWcKBgRlYfvHrq8tKY","Low","60","No website","FALSE","out of scope: hospital; missing email; missing website","","","","","","","","","","","","","","Unknown","2026-07-22"
"Kagio Mixed Secondary School","Kirinyaga","Kagio","Mixed Day","Kagio Mixed Secondary School, Kenya","","","","","","","google_places","https://www.google.com/maps/place/?q=place_id:ChIJuWEa91OcKBgRNrnf8m47FzQ","ChIJuWEa91OcKBgRNrnf8m47FzQ","Unknown","0","No website; Phone missing","FALSE","missing phone; missing email; missing website","","","","","","","","","","","","","","Unknown","2026-07-22"
"Kagio Primary School","Kirinyaga","Kagio","Unknown","P.O Box 30, Kagio Primary School, Kenya","","","","","","","google_places","https://www.google.com/maps/place/?q=place_id:ChIJL81k-lOcKBgR1m0kF3KsivM","ChIJL81k-lOcKBgR1m0kF3KsivM","Unknown","0","No website; Phone missing","FALSE","out of scope: primary school; missing phone; missing email; missing website","","","","","","","","","","","","","","Unknown","2026-07-22"
"Kagio Secondary School","Kirinyaga","Kagio","Public Secondary","968X+6FX, Kagio, Kenya","","","","","","OPERATIONAL","google_places","https://www.google.com/maps/place/?q=place_id:ChIJbb1XWVGcKBgRwFhmsXoAq58","ChIJbb1XWVGcKBgRwFhmsXoAq58","Unknown","0","No website; Phone missing","FALSE","missing phone; missing email; missing website","","","","","","","","","","","","","","Unknown","2026-07-22"
"Kaguma sec school","Kirinyaga","Kagumo","Unknown","Abothuguchi Central Cental Imenti, Kenya","+254 717 669836","","","","","OPERATIONAL","google_places","https://www.google.com/maps/place/?q=place_id:ChIJ1XIIbtn1JxgR6xSnSaUEeUE","ChIJ1XIIbtn1JxgR6xSnSaUEeUE","Low","20","No website; Currently closed (per Google)","FALSE","missing email; missing website","","","","","","","","","","","","","","Unknown","2026-07-22"
"Kagumo Central Academy","Kirinyaga","Kagumo","Academy","Kagumo, Kenya","","","","4.3","3","OPERATIONAL","google_places","https://www.google.com/maps/place/?q=place_id:ChIJ616SdCB-KBgRNcNsi7ItP6s","ChIJ616SdCB-KBgRNcNsi7ItP6s","Unknown","20","No website; Phone missing","FALSE","missing phone; missing email; missing website","","","","","","","","","","","","","","Unknown","2026-07-22"
"Kagumo Day Secondary School","Kirinyaga","Kagumo","Mixed Day","JJMP+PG5, Karandini, Kenya","+254 729 829266","","","","","OPERATIONAL","google_places","https://www.google.com/maps/place/?q=place_id:ChIJnYfMBh3IJxgREN1p7RKaeE4","ChIJnYfMBh3IJxgREN1p7RKaeE4","Low","20","No website","FALSE","missing email; missing website","","","","","","","","","","","","","","Unknown","2026-07-22"
"Kagumo Girls Secondary School","Kirinyaga","Kagio","Girls","Kagumo-Mununga Road, Kenya","+254 727 154376","","","","","OPERATIONAL","google_places","https://www.google.com/maps/place/?q=place_id:ChIJvVy01B5-KBgRCWjPvUwp2u0","ChIJvVy01B5-KBgRCWjPvUwp2u0","Low","20","No website","FALSE","missing email; missing website","","","","","","","","","","","","","","Unknown","2026-07-22"
"Kagumo High School","Kirinyaga","Kagumo","Public Secondary","Rware, Kiganjo, Kenya","+254 725 867435","","","","","OPERATIONAL","google_places","https://www.google.com/maps/place/?q=place_id:ChIJt7xE6MFmKBgRTT1OZR1o-Bo","ChIJt7xE6MFmKBgRTT1OZR1o-Bo","Low","20","No website; Currently closed (per Google)","FALSE","missing email; missing website","","","","","","","","","","","","","","Unknown","2026-07-22"
"Kagumo Secondary","Kirinyaga","Kagumo","Unknown","Kiria, Kenya","+254 722 334498","","","","","OPERATIONAL","google_places","https://www.google.com/maps/place/?q=place_id:ChIJqXD15Lm9KBgRgFjfZOiVKPI","ChIJqXD15Lm9KBgRgFjfZOiVKPI","Low","20","No website; Currently closed (per Google)","FALSE","missing email; missing website","","","","","","","","","","","","","","Unknown","2026-07-22"
"KAGUMO SECONDARY SCHOOL","Kirinyaga","Kagumo","Public Secondary","Kagumo Secondary School, Witima, Kenya","","","","","","OPERATIONAL","google_places","https://www.google.com/maps/place/?q=place_id:ChIJNWFNL7WLKBgR07Arquu652g","ChIJNWFNL7WLKBgR07Arquu652g","Unknown","0","No website; Phone missing","FALSE","missing phone; missing email; missing website","","","","","","","","","","","","","","Unknown","2026-07-22"
"Kamahuha Girls High School","Kirinyaga","Kagio","Girls","44JW+9GM, Saba Saba, Kenya","+254 723 282037","","","","","OPERATIONAL","google_places","https://www.google.com/maps/place/?q=place_id:ChIJm_xMqeivKBgRpndcWqee6EM","ChIJm_xMqeivKBgRpndcWqee6EM","Low","20","No website; Currently closed (per Google)","FALSE","missing email; missing website","","","","","","","","","","","","","","Unknown","2026-07-22"
"Kamuiru Boys' High School","Kirinyaga","Kutus","Boys","Kagumo - Mutitu Rd, Kenya","","http://www.kamuiruhigh.sc.ke/","","","","OPERATIONAL","google_places","https://www.google.com/maps/place/?q=place_id:ChIJbVvxZ5CAKBgRscBv2a0wHRQ","ChIJbVvxZ5CAKBgRscBv2a0wHRQ","Low","20","Website unreachable; Phone missing","FALSE","missing phone; missing email","","","","","","","","","","","","","","Unknown","2026-07-22"
"Kandongu Primary School","Kirinyaga","Mwea","Unknown","Kameichiri, Kenya","+254 725 392135","https://www.kenyaprimaryschools.com/kirinyaga/kandongu-primary-school-mutithi-mwea/","","","","OPERATIONAL","google_places","https://www.google.com/maps/place/?q=place_id:ChIJF5WJwuudKBgRujO4JVvmR_g","ChIJF5WJwuudKBgRujO4JVvmR_g","Medium","40","","FALSE","out of scope: primary school; missing email","","","","","","","","","","","","https://www.kenyaprimaryschools.com/kirinyaga/kandongu-primary-school-mutithi-mwea","","Unknown","2026-07-22"
"Kangaru Girls Secondary School","Kirinyaga","Kianyaga","Girls","Mbeti North, Manyatta, Kenya","+254 68 31300","","","","","OPERATIONAL","google_places","https://www.google.com/maps/place/?q=place_id:ChIJJS6WvHgtJhgRJpOcA6aENas","ChIJJS6WvHgtJhgRJpOcA6aENas","Low","20","No website; Currently closed (per Google)","FALSE","missing email; missing website","","","","","","","","","","","","","","Unknown","2026-07-22"
"Kanju houses","Kirinyaga","Kutus","Unknown","Kutus, Kenya","+254 713 163633","","","","","OPERATIONAL","google_places","https://www.google.com/maps/place/?q=place_id:ChIJERnB468pJhgRGWrt82ZEEvs","ChIJERnB468pJhgRGWrt82ZEEvs","Low","20","No website","FALSE","missing email; missing website","","","","","","","","","","","","","","Unknown","2026-07-22"
"Karaini Secondary School","Kirinyaga","Kutus","Public Secondary","Kenya","","","","","","OPERATIONAL","google_places","https://www.google.com/maps/place/?q=place_id:ChIJ47E8ME5-KBgRrc3vQMhSUpM","ChIJ47E8ME5-KBgRrc3vQMhSUpM","Unknown","0","No website; Phone missing; Currently closed (per Google)","FALSE","missing phone; missing email; missing website","","","","","","","","","","","","","","Unknown","2026-07-22"
"Karia Secondary School","Kirinyaga","Kerugoya","Public Secondary","F8F3+2GM, Kerugoya, Kenya","","","","","","OPERATIONAL","google_places","https://www.google.com/maps/place/?q=place_id:ChIJY02vlg4qJhgRE-1bIMeczTs","ChIJY02vlg4qJhgRE-1bIMeczTs","Unknown","0","No website; Phone missing","FALSE","missing phone; missing email; missing website","","","","","","","","","","","","","","Unknown","2026-07-22"
"Karima Secondary School.","Kirinyaga","Sagana","Public Secondary","Sagana, Kenya","","","","","","OPERATIONAL","google_places","https://www.google.com/maps/place/?q=place_id:ChIJ5_skBJabKBgRCY-OTm7NTsg","ChIJ5_skBJabKBgRCY-OTm7NTsg","Unknown","0","No website; Phone missing","FALSE","missing phone; missing email; missing website","","","","","","","","","","","","","","Unknown","2026-07-22"
"Karoti Girls High School","Kirinyaga","Kagio","Girls","P.O Box 251, Karoti Girls High School, Kenya","","","","","","","google_places","https://www.google.com/maps/place/?q=place_id:ChIJ8dH9ORMmJhgRtmnEnv4JnDI","ChIJ8dH9ORMmJhgRtmnEnv4JnDI","Unknown","0","No website; Phone missing","FALSE","missing phone; missing email; missing website","","","","","","","","","","","","","","Unknown","2026-07-22"
"Karoti girls secondary school","Kirinyaga","Kagio","Girls","Kerugoya Kirinyaga, Kenya","+254 721 598649","","","","","OPERATIONAL","google_places","https://www.google.com/maps/place/?q=place_id:ChIJxfmMlqQnJhgRnaAgj9HPzbU","ChIJxfmMlqQnJhgRnaAgj9HPzbU","Low","20","No website; Currently closed (per Google)","FALSE","missing email; missing website","","","","","","","","","","","","","","Unknown","2026-07-22"
"KARUGURU JUNIOR TECH ACADEMY AND JUNIOR SECONDARY SCHOOL","Kirinyaga","Wanguru","Junior Secondary","karuguru road, Ruiru, Kenya","+254 722 642832","","","","","OPERATIONAL","google_places","https://www.google.com/maps/place/?q=place_id:ChIJ_xqNFGNBLxgRlL3evylBh9Y","ChIJ_xqNFGNBLxgRlL3evylBh9Y","Low","20","No website; Currently closed (per Google)","FALSE","missing email; missing website","","","","","","","","","","","","","","Unknown","2026-07-22"
"KENIA COLLEGE (Kirinyaga Campus) Kerugoya","Kirinyaga","Kerugoya","Unknown","1222 Oop Kerugoya Main Stage, Kerugoya, Kenya","+254 708 771219","https://kuc.ac.ke/","","4.8","68","OPERATIONAL","google_places","https://www.google.com/maps/place/?q=place_id:ChIJZyRfXUOBKBgRBKk0f99VECg","ChIJZyRfXUOBKBgRBKk0f99VECg","Medium","80","Website unreachable; Currently closed (per Google)","FALSE","out of scope: college; suspected website mismatch (school name not found in website domain — verify by hand); missing email","info@kuc.ac.ke","","","https://www.facebook.com/search/top?q=kenia%20college","https://kuc.ac.ke/contact","","","","","official_website:https://kuc.ac.ke","","https://kuc.ac.ke; https://kuc.ac.ke/contact; https://kuc.ac.ke/contact-us; https://kuc.ac.ke/about; https://kuc.ac.ke/about-us","official_website:https://kuc.ac.ke","Medium","2026-07-22"
"Kerugoya boys high school","Kirinyaga","Kerugoya","Boys","Kerugoya-Kutus Rd,Kerugoya Kirinyaga, Kerugoya, Kenya","+254 739 362317","http://kerugoyaboys.sc.ke/","","","","OPERATIONAL","google_places","https://www.google.com/maps/place/?q=place_id:ChIJ0Uk8P82BKBgRBdoB8uvKSQM","ChIJ0Uk8P82BKBgRBdoB8uvKSQM","Medium","40","Website unreachable; Currently closed (per Google)","FALSE","missing email","","","","","","","","","","","","","","Unknown","2026-07-22"
"Kerugoya girls school","Kirinyaga","Kerugoya","Girls","Kerugoya Kirinyaga, G72H+79G, Kerugoya, Kenya","+254 60 21155","","","","","OPERATIONAL","google_places","https://www.google.com/maps/place/?q=place_id:ChIJ2SKRtYaBKBgRn-bA6DtRKb4","ChIJ2SKRtYaBKBgRn-bA6DtRKb4","Low","20","No website; Currently closed (per Google)","FALSE","missing email; missing website","","","","","","","","","","","","","","Unknown","2026-07-22"
"KERUGOYA GOOD SHEPHERD'S ACADEMY","Kirinyaga","Kerugoya","Academy","KERUGOYA CENTRAL-KIRINYAGA KERUGOYA, Kutus, Kenya","+254 722 440762","","","","","OPERATIONAL","google_places","https://www.google.com/maps/place/?q=place_id:ChIJW9QfM-uBKBgRTlTJ8_hFBzQ","ChIJW9QfM-uBKBgRTlTJ8_hFBzQ","Low","20","No website; Currently closed (per Google)","FALSE","missing email; missing website","","","","","","","","","","","","","","Unknown","2026-07-22"
"KERUGOYA MUNICIPALITY BOARDING PRIMARY SCHOOL","Kirinyaga","Kerugoya","Unknown","BARICHO,Kerugoya Kirinyaga, Kenya","+254 722 451789","","","","","OPERATIONAL","google_places","https://www.google.com/maps/place/?q=place_id:ChIJGRsEBPuBKBgRI61KqlhAKC8","ChIJGRsEBPuBKBgRI61KqlhAKC8","Low","20","No website; Currently closed (per Google)","FALSE","out of scope: primary school; missing email; missing website","","","","","","","","","","","","","","Unknown","2026-07-22"
"Kerugoya Municipality Boarding Schools","Kirinyaga","Kerugoya","Unknown","185, Kerugoya, Kenya","+254 722 282702","https://www.kerugoyamunicipalityschools.ac.ke/","","","","OPERATIONAL","google_places","https://www.google.com/maps/place/?q=place_id:ChIJPd16wTSAKBgRKwjLq_927VA","ChIJPd16wTSAKBgRKwjLq_927VA","Medium","40","Website unreachable; Currently closed (per Google)","FALSE","missing email","info@kerugoyamunicipalityschools.ac.ke","","","https://www.facebook.com/KerugoyaMBPS","https://www.kerugoyamunicipalityschools.ac.ke/contact-us","","","","","contact_page:https://www.kerugoyamunicipalityschools.ac.ke/contact-us","","https://www.kerugoyamunicipalityschools.ac.ke/contact-us; https://www.kerugoyamunicipalityschools.ac.ke/about; https://www.kerugoyamunicipalityschools.ac.ke/about-us","contact_page:https://www.kerugoyamunicipalityschools.ac.ke/contact-us","High","2026-07-22"
"KERUGOYA MUNICIPLAITY ACADEMY","Kirinyaga","Kerugoya","Academy","KERUGOYA CENTRAL-KIRINYAGA KERUGOYA, Kutus, Kenya","+254 702 098182","","","","","OPERATIONAL","google_places","https://www.google.com/maps/place/?q=place_id:ChIJj9zJyUKBKBgRIRMDPuoxiks","ChIJj9zJyUKBKBgRIRMDPuoxiks","Low","20","No website; Currently closed (per Google)","FALSE","missing email; missing website","","","","","","","","","","","","","","Unknown","2026-07-22"
"Kerugoya Teachers College","Kirinyaga","Kerugoya","Unknown","G747+29R, Kerugoya, Kenya","+254 720 823790","","","5","2","OPERATIONAL","google_places","https://www.google.com/maps/place/?q=place_id:ChIJ2V_xE12AKBgR92OAnClVS_g","ChIJ2V_xE12AKBgR92OAnClVS_g","Low","40","No website; Currently closed (per Google)","FALSE","out of scope: college; missing email; missing website","","","","","","","","","","","","","","Unknown","2026-07-22"
"Kerugoya Upperhill Academy","Kirinyaga","Kerugoya","Academy","Kiaritha, Kenya","+254 722 886631","","","","","OPERATIONAL","google_places","https://www.google.com/maps/place/?q=place_id:ChIJPT4mJW-AKBgRvboeiJNXDe0","ChIJPT4mJW-AKBgRvboeiJNXDe0","Low","20","No website; Currently closed (per Google)","FALSE","missing email; missing website","","","","","","","","","","","","","","Unknown","2026-07-22"
"Kiaga Secondary School","Kirinyaga","Baricho","Public Secondary","C737+HMR Kiaga Primary School, Baricho, Kenya","","","","","","OPERATIONAL","google_places","https://www.google.com/maps/place/?q=place_id:ChIJy2bbFtKCKBgRe-YTazdPiiw","ChIJy2bbFtKCKBgRe-YTazdPiiw","Unknown","0","No website; Phone missing","FALSE","missing phone; missing email; missing website","","","","","","","","","","","","","","Unknown","2026-07-22"
"Kiamugumo Gilrs Secondary School","Kirinyaga","Kianyaga","Public Secondary","P.O Box 58, Kenya","+254 735 532705","","","","","OPERATIONAL","google_places","https://www.google.com/maps/place/?q=place_id:ChIJmY8v_MbTJxgR70Ev9ePBz7M","ChIJmY8v_MbTJxgR70Ev9ePBz7M","Low","20","No website; Currently closed (per Google)","FALSE","missing email; missing website","","","","","","","","","","","","","","Unknown","2026-07-22"
"Kiamutugu High School","Kirinyaga","Kutus","Public Secondary","Kerugoya Kirinyaga, Kiamutugu, Kenya","+254 705 222770","https://www.youtube.com/@kiamutuguboyshighschoolonl6811","","","","OPERATIONAL","google_places","https://www.google.com/maps/place/?q=place_id:ChIJlbheMF_TJxgREuTHbmJZ898","ChIJlbheMF_TJxgREuTHbmJZ898","Medium","40","Currently closed (per Google)","FALSE","suspected website mismatch (school name not found in website domain — verify by hand); missing email","","","","","https://www.youtube.com/@kiamutuguboyshighschoolonl6811/contact","","","","","","","https://www.youtube.com/@kiamutuguboyshighschoolonl6811; https://www.youtube.com/@kiamutuguboyshighschoolonl6811/contact; https://www.youtube.com/@kiamutuguboyshighschoolonl6811/contact-us; https://www.youtube.com/@kiamutuguboyshighschoolonl6811/about; https://www.youtube.com/@kiamutuguboyshighschoolonl6811/about-us","","Unknown","2026-07-22"
"Kiamutuira Mixed Day Sec. Sch","Kirinyaga","Kerugoya","Mixed Day","Kanyei, F7W3+CPH, Kerugoya, Kenya","","","","","","OPERATIONAL","google_places","https://www.google.com/maps/place/?q=place_id:ChIJEcGMD-qBKBgRCfu4DAqe7yA","ChIJEcGMD-qBKBgRCfu4DAqe7yA","Unknown","0","No website; Phone missing","FALSE","missing phone; missing email; missing website","","","","","","","","","","","","","","Unknown","2026-07-22"
"Kiamwathi Mixed Secondary School","Kirinyaga","Kianyaga","Mixed Day","G83M+J7C, Kenya","","","","","","OPERATIONAL","google_places","https://www.google.com/maps/place/?q=place_id:ChIJ_RYbIq8rJhgRaF9fsr4SKBk","ChIJ_RYbIq8rJhgRaF9fsr4SKBk","Unknown","0","No website; Phone missing; Currently closed (per Google)","FALSE","missing phone; missing email; missing website","","","","","","","","","","","","","","Unknown","2026-07-22"
"Kiamwathi Secondary School","Kirinyaga","Kianyaga","Public Secondary","P.O Box 129, Kianyaga Road, Kenya","","","","","","OPERATIONAL","google_places","https://www.google.com/maps/place/?q=place_id:ChIJqUYtZtwqJhgRv5KdojUZ9HI","ChIJqUYtZtwqJhgRv5KdojUZ9HI","Unknown","0","No website; Phone missing; Currently closed (per Google)","FALSE","missing phone; missing email; missing website","","","","","","","","","","","","","","Unknown","2026-07-22"
"Kiandangae secondary School","Kirinyaga","Baricho","Public Secondary","52 Baricho Kagio Rd, Baricho, Kenya","+254 745 623910","","","","","OPERATIONAL","google_places","https://www.google.com/maps/place/?q=place_id:ChIJNxfkqHKDKBgRcsxT84pFjAU","ChIJNxfkqHKDKBgRcsxT84pFjAU","Low","20","No website","FALSE","missing email; missing website","","","","","","","","","","","","","","Unknown","2026-07-22"
"Kiandegwa secondary school","Kirinyaga","Wanguru","Public Secondary","68WQ+C4J, Kiandegwa, Kenya","","","","","","OPERATIONAL","google_places","https://www.google.com/maps/place/?q=place_id:ChIJg8n72oQfJhgReo956Js9Exg","ChIJg8n72oQfJhgReo956Js9Exg","Unknown","0","No website; Phone missing; Currently closed (per Google)","FALSE","missing phone; missing email; missing website","","","","","","","","","","","","","","Unknown","2026-07-22"
"Kiandieri Secondary School","Kirinyaga","Kerugoya","Public Secondary","G7FQ+X48, Kerugoya, Kenya","+254 722 663091","","","","","OPERATIONAL","google_places","https://www.google.com/maps/place/?q=place_id:ChIJW6QczuR_KBgRfSRS0Gs5fmg","ChIJW6QczuR_KBgRfSRS0Gs5fmg","Low","20","No website; Currently closed (per Google)","FALSE","missing email; missing website","","","","","","","","","","","","","","Unknown","2026-07-22"
"Kiangwnyi Mixed Secondary School","Kirinyaga","Kianyaga","Mixed Day","P.O Box 376, Kenya","","","","","","OPERATIONAL","google_places","https://www.google.com/maps/place/?q=place_id:ChIJ6eY5A4d_KBgR1i7UZOoJMyg","ChIJ6eY5A4d_KBgR1i7UZOoJMyg","Unknown","0","No website; Phone missing","FALSE","missing phone; missing email; missing website","","","","","","","","","","","","","","Unknown","2026-07-22"
"Kĩanjege West Mixed Secondary School","Kirinyaga","Kerugoya","Mixed Day","P.O Box 1242, Kenya","","","","","","OPERATIONAL","google_places","https://www.google.com/maps/place/?q=place_id:ChIJaaobewKFKBgR0_qvC0Jqf9I","ChIJaaobewKFKBgR0_qvC0Jqf9I","Unknown","0","No website; Phone missing","FALSE","missing phone; missing email; missing website","","","","","","","","","","","","","","Unknown","2026-07-22"
"Kĩanyaga High School","Kirinyaga","Kutus","Public Secondary","P.O Box 20, Kenya","+254 700 573601","","","","","OPERATIONAL","google_places","https://www.google.com/maps/place/?q=place_id:ChIJg5wv3w0rJhgRCiBP3R-LrCA","ChIJg5wv3w0rJhgRCiBP3R-LrCA","Low","20","No website; Currently closed (per Google)","FALSE","missing email; missing website","","","","","","","","","","","","","","Unknown","2026-07-22"
"Kĩaragana Girls Secondary School","Kirinyaga","Kagio","Girls","Kenya","","","","","","OPERATIONAL","google_places","https://www.google.com/maps/place/?q=place_id:ChIJM5kzbEeHKBgR1970JPOB3Vo","ChIJM5kzbEeHKBgR1970JPOB3Vo","Unknown","0","No website; Phone missing","FALSE","missing phone; missing email; missing website","","","","","","","","","","","","","","Unknown","2026-07-22"
"Kiarugu Secondary School","Kirinyaga","Baricho","Public Secondary","F6PM+RX7 Kiarugu Secondary School, Baricho, Kenya","","","","","","","google_places","https://www.google.com/maps/place/?q=place_id:ChIJcwx0zxiBKBgRQUXPuHl_6xI","ChIJcwx0zxiBKBgRQUXPuHl_6xI","Unknown","0","No website; Phone missing","FALSE","missing phone; missing email; missing website","","","","","","","","","","","","","","Unknown","2026-07-22"
"Kĩbĩrĩgwĩ Girls Secondary School","Kirinyaga","Kagio","Girls","F5CJ+HFH, Kibirigwi, Kenya","","","","","","OPERATIONAL","google_places","https://www.google.com/maps/place/?q=place_id:ChIJg6rIjpGGKBgREp4TOtgMbXk","ChIJg6rIjpGGKBgREp4TOtgMbXk","Unknown","0","No website; Phone missing","FALSE","missing phone; missing email; missing website","","","","","","","","","","","","","","Unknown","2026-07-22"
"Kiburia Secondary School","Kirinyaga","Kianyaga","Public Secondary","Kianyaga, Kenya","","","","","","OPERATIONAL","google_places","https://www.google.com/maps/place/?q=place_id:ChIJ5YIe2BcrJhgRt59VRf5cq9k","ChIJ5YIe2BcrJhgRt59VRf5cq9k","Unknown","0","No website; Phone missing","FALSE","missing phone; missing email; missing website","","","","","","","","","","","","","","Unknown","2026-07-22"
"Kiine Mixed Day Secondary School","Kirinyaga","Kutus","Mixed Day","P.O Box 2055, Kirinyaga, Kenya","","","","","","OPERATIONAL","google_places","https://www.google.com/maps/place/?q=place_id:ChIJwwiPYpSEKBgRqhZBAPiKqco","ChIJwwiPYpSEKBgRqhZBAPiKqco","Unknown","0","No website; Phone missing","FALSE","missing phone; missing email; missing website","","","","","","","","","","","","","","Unknown","2026-07-22"
"Kinyakiiru Primary School","Kirinyaga","Baricho","Unknown","P.O Box 1, Kinyakiiru Primary School, Kenya","","","","","","","google_places","https://www.google.com/maps/place/?q=place_id:ChIJlwQ2rVeDKBgRWGatb0JBQ-E","ChIJlwQ2rVeDKBgRWGatb0JBQ-E","Unknown","0","No website; Phone missing","FALSE","out of scope: primary school; missing phone; missing email; missing website","","","","","","","","","","","","","","Unknown","2026-07-22"
"Kiriiria Mixed Secondary School","Kirinyaga","Kianyaga","Mixed Day","RRH6+5WH, Tunyai, Kenya","+254 728 129245","","","","","OPERATIONAL","google_places","https://www.google.com/maps/place/?q=place_id:ChIJq6qqvgaaJxgRREzvqG5V268","ChIJq6qqvgaaJxgRREzvqG5V268","Low","20","No website","FALSE","missing email; missing website","","","","","","","","","","","","","","Unknown","2026-07-22"
"Kirinyaga Central TVC","Kirinyaga","Mwea","Unknown","Kirinyaga Central Technical Vocational College, Kenya","","http://kirinyagacentraltvc.ac.ke/","","4.3","13","OPERATIONAL","google_places","https://www.google.com/maps/place/?q=place_id:ChIJuwrPanmDKBgR8ArncC3wNDI","ChIJuwrPanmDKBgR8ArncC3wNDI","Low","60","Website unreachable; Phone missing; Currently closed (per Google)","FALSE","out of scope: TVC; missing phone; missing email","","","","","","","","","","","","","","Unknown","2026-07-22"
"Kirinyaga East Technical Institute","Kirinyaga","Kutus","Unknown","Kutus Business Centre, Kutus, Sagana Rd, Kutus, Kenya","+254 722 332557","","","4.2","5","OPERATIONAL","google_places","https://www.google.com/maps/place/?q=place_id:ChIJOWBiabMpJhgRrZNnV49GINs","ChIJOWBiabMpJhgRrZNnV49GINs","Low","40","No website; Currently closed (per Google)","FALSE","out of scope: technical institute; missing email; missing website","","","","","","","","","","","","","","Unknown","2026-07-22"
"Kirinyaga high school","Kirinyaga","Sagana","Public Secondary","Ruguru, Kenya","+254 710 454592","","","","","OPERATIONAL","google_places","https://www.google.com/maps/place/?q=place_id:ChIJR-s7cDWZKBgRlZU56UOw-Sg","ChIJR-s7cDWZKBgRlZU56UOw-Sg","Low","20","No website; Currently closed (per Google)","FALSE","missing email; missing website","","","","","","","","","","","","","","Unknown","2026-07-22"
"Kirinyaga Mary Immaculate Academy Secondary School","Kirinyaga","Kianyaga","Academy","P.O Box 1316, Kenya","","","","","","OPERATIONAL","google_places","https://www.google.com/maps/place/?q=place_id:ChIJ97A3x4Z_KBgRZTPo_BE4hpE","ChIJ97A3x4Z_KBgRZTPo_BE4hpE","Unknown","0","No website; Phone missing","FALSE","missing phone; missing email; missing website","","","","","","","","","","","","","","Unknown","2026-07-22"
"Kirinyaga University","Kirinyaga","Kutus","Unknown","C74, Kutus- Kerugoya Rd, Kerugoya, Kenya","+254 709 742000","https://www.kyu.ac.ke/","info@kyu.ac.ke","4.2","675","OPERATIONAL","google_places","https://www.google.com/maps/place/?q=place_id:ChIJgWN_o7UpJhgROXbDfePrnIU","ChIJgWN_o7UpJhgROXbDfePrnIU","High","100","Currently closed (per Google)","FALSE","out of scope: university; suspected website mismatch (school name not found in website domain — verify by hand)","info@kyu.ac.ke","","","https://www.facebook.com/kirinyagauniversity","https://www.kyu.ac.ke/contact-us","","","","","official_website:https://www.kyu.ac.ke","","https://www.kyu.ac.ke; https://www.kyu.ac.ke/contact-us","official_website:https://www.kyu.ac.ke","Verified","2026-07-22"
"kirinyaga university school island","Kirinyaga","Kutus","Unknown","C8MC+CX5, Kutus, Kenya","","","","4.9","10","OPERATIONAL","google_places","https://www.google.com/maps/place/?q=place_id:ChIJ2dnt9_cpJhgRbJn2g1v8V6o","ChIJ2dnt9_cpJhgRbJn2g1v8V6o","Unknown","20","No website; Phone missing","FALSE","out of scope: university; missing phone; missing email; missing website","","","","","","","","","","","","","","Unknown","2026-07-22"
"Kutus Municipality Academy","Kirinyaga","Kutus","Academy","Kerugoya, Embu, Kenya","+254 721 676574","","","","","OPERATIONAL","google_places","https://www.google.com/maps/place/?q=place_id:ChIJ10StXjAoJhgRC2TGvlrfd6o","ChIJ10StXjAoJhgRC2TGvlrfd6o","Low","20","No website; Currently closed (per Google)","FALSE","address/name references Embu County, not Kirinyaga; missing email; missing website","","","","","","","","","","","","","","Unknown","2026-07-22"
"Kutus Primary School","Kirinyaga","Kutus","Unknown","Kutus Primary School, C73, Kutus, Kenya","","","","","","","google_places","https://www.google.com/maps/place/?q=place_id:ChIJe2UJQrIpJhgRhqujX3lSWZA","ChIJe2UJQrIpJhgRhqujX3lSWZA","Unknown","0","No website; Phone missing","FALSE","out of scope: primary school; missing phone; missing email; missing website","","","","","","","","","","","","","","Unknown","2026-07-22"
"Kutus Primary School Football Field","Kirinyaga","Kutus","Unknown","C8JG+QM8, C73, Kutus, Kenya","","","","5","3","OPERATIONAL","google_places","https://www.google.com/maps/place/?q=place_id:ChIJa2DK2LIpJhgRov7DE72g1HE","ChIJa2DK2LIpJhgRov7DE72g1HE","Unknown","20","No website; Phone missing","FALSE","out of scope: football field; missing phone; missing email; missing website","","","","","","","","","","","","","","Unknown","2026-07-22"
"Kutus Secondary School","Kirinyaga","Kutus","Public Secondary","C8PG+PRC, Kutus, Kenya","","","","","","OPERATIONAL","google_places","https://www.google.com/maps/place/?q=place_id:ChIJ__-_rLEpJhgRAf_EqOgL35M","ChIJ__-_rLEpJhgRAf_EqOgL35M","Unknown","0","No website; Phone missing","FALSE","missing phone; missing email; missing website","","","","","","","","","","","","","","Unknown","2026-07-22"
"Kwa Waringa","Kirinyaga","Kagumo","Unknown","Kagumo Baricho, Kagio, Kenya","","http://www.speedmaxnet.com/","","4.1","88","OPERATIONAL","google_places","https://www.google.com/maps/place/?q=place_id:ChIJoYmNoz5_KBgRTVZi28H-rbQ","ChIJoYmNoz5_KBgRTVZi28H-rbQ","Low","60","Website unreachable; Phone missing; Currently closed (per Google)","FALSE","suspected website mismatch (school name not found in website domain — verify by hand); missing phone; missing email","","","","","","","","","","","","","","Unknown","2026-07-22"
"Lower Baricho Primary School","Kirinyaga","Baricho","Unknown","Lower Baricho Primary School, Baricho, Kenya","","","","","","","google_places","https://www.google.com/maps/place/?q=place_id:ChIJT2GAtLmDKBgR_AnmFaa1TAw","ChIJT2GAtLmDKBgR_AnmFaa1TAw","Unknown","0","No website; Phone missing","FALSE","out of scope: primary school; missing phone; missing email; missing website","","","","","","","","","","","","","","Unknown","2026-07-22"
"Lower Sagana Primary School","Kirinyaga","Sagana","Unknown","29, Sagana, Kenya","","","","","","OPERATIONAL","google_places","https://www.google.com/maps/place/?q=place_id:ChIJAYzfy7WeKBgRmtO0MRcZDek","ChIJAYzfy7WeKBgRmtO0MRcZDek","Unknown","0","No website; Phone missing; Currently closed (per Google)","FALSE","out of scope: primary school; missing phone; missing email; missing website","","","","","","","","","","","","","","Unknown","2026-07-22"
"Master Education Centre","Kirinyaga","Kutus","Unknown","C73, Kenya","+254 706 217203","https://mastereducationcentre.ac.ke/","","3.7","3","OPERATIONAL","google_places","https://www.google.com/maps/place/?q=place_id:ChIJIcwLGDUoJhgRiCfPKtY1XkI","ChIJIcwLGDUoJhgRiCfPKtY1XkI","Medium","60","Website unreachable; Currently closed (per Google)","FALSE","shares website with: MASTER EDUCATION CENTRE (verify: real duplicate vs. legitimate multi-branch chain); missing email","","","","","","","","","","","","","","Unknown","2026-07-22"
"MASTER EDUCATION CENTRE","Kirinyaga","Kutus","Unknown","Kutus- Kerugoya Rd, Kerugoya, Kenya","+254 713 224988","https://mastereducationcentre.ac.ke/","","","","OPERATIONAL","google_places","https://www.google.com/maps/place/?q=place_id:ChIJ_WGmXP4pJhgRvqCDela4wHA","ChIJ_WGmXP4pJhgRvqCDela4wHA","Medium","40","Website unreachable; Currently closed (per Google)","FALSE","shares website with: Master Education Centre (verify: real duplicate vs. legitimate multi-branch chain); missing email","","","","","","","","","","","","","","Unknown","2026-07-22"
"MATHANGAUTA SECONDARY SCHOOL","Kirinyaga","Wanguru","Public Secondary","993G+XQ, Matandara, Kenya","","","","","","OPERATIONAL","google_places","https://www.google.com/maps/place/?q=place_id:ChIJ-VnxoRsnJhgROyIhxO7bjHM","ChIJ-VnxoRsnJhgROyIhxO7bjHM","Unknown","0","No website; Phone missing; Currently closed (per Google)","FALSE","missing phone; missing email; missing website","","","","","","","","","","","","","","Unknown","2026-07-22"
"Millbrook International School","Kirinyaga","Kutus","Private Secondary","Kenyatta Highway, Kenya","+254 740 779580","http://millbrookschool.co.ke/","","","","OPERATIONAL","google_places","https://www.google.com/maps/place/?q=place_id:ChIJWR7QPcgtJhgRr0A37F848Ds","ChIJWR7QPcgtJhgRr0A37F848Ds","Medium","40","Website unreachable; Currently closed (per Google)","FALSE","missing email","","","","","","","","","","","","","","Unknown","2026-07-22"
"Miracle Academy","Kirinyaga","Kianyaga","Academy","21 Road, Kianyaga, Kenya","","","","","","OPERATIONAL","google_places","https://www.google.com/maps/place/?q=place_id:ChIJY-B5N9jVJxgRPuKpeSIdvP8","ChIJY-B5N9jVJxgRPuKpeSIdvP8","Unknown","0","No website; Phone missing","FALSE","missing phone; missing email; missing website","","","","","","","","","","","","","","Unknown","2026-07-22"
"Mt.Kenya Boys Senior School","Kirinyaga","Kerugoya","Boys","F7QQ+776, C74, Kerugoya, Kenya","","","","","","OPERATIONAL","google_places","https://www.google.com/maps/place/?q=place_id:ChIJxTA-PNKBKBgRqljolT9Le2s","ChIJxTA-PNKBKBgRqljolT9Le2s","Unknown","0","No website; Phone missing","FALSE","missing phone; missing email; missing website","","","","","","","","","","","","","","Unknown","2026-07-22"
"Mugumo girls secondary school","Kirinyaga","Kagio","Girls","Kerugoya Kirinyaga, Kimunye, Kenya","+254 20 2052916","","","","","OPERATIONAL","google_places","https://www.google.com/maps/place/?q=place_id:ChIJ5x1QcZLVJxgRWPZDetgiLwY","ChIJ5x1QcZLVJxgRWPZDetgiLwY","Low","20","No website; Currently closed (per Google)","FALSE","missing email; missing website","","","","","","","","","","","","","","Unknown","2026-07-22"
"Mukangu Boys High School","Kirinyaga","Kutus","Boys","F564+WVV, Karima Bypass Road, Karatina, Kenya","+254 745 936767","","","","","OPERATIONAL","google_places","https://www.google.com/maps/place/?q=place_id:ChIJfwUODPmHKBgRhCfo_JfN6rE","ChIJfwUODPmHKBgRhCfo_JfN6rE","Low","20","No website; Currently closed (per Google)","FALSE","missing email; missing website","","","","","","","","","","","","","","Unknown","2026-07-22"
"Mukinduri Mixed Day Secondary School","Kirinyaga","Kerugoya","Mixed Day","Kanyei, F7F7+XH3, Baricho, Kenya","","","","","","OPERATIONAL","google_places","https://www.google.com/maps/place/?q=place_id:ChIJt7rO8NGBKBgRV1fQ7j29Z14","ChIJt7rO8NGBKBgRV1fQ7j29Z14","Unknown","0","No website; Phone missing","FALSE","missing phone; missing email; missing website","","","","","","","","","","","","","","Unknown","2026-07-22"
"Multiple Academy","Kirinyaga","Kagio","Academy","Kiandai Village, Kenya","+254 722 817723","","","","","OPERATIONAL","google_places","https://www.google.com/maps/place/?q=place_id:ChIJS7rJBLGcKBgRApWHq2cIbtk","ChIJS7rJBLGcKBgRApWHq2cIbtk","Low","20","No website","FALSE","missing email; missing website","","","","","","","","","","","","","","Unknown","2026-07-22"
"Muranga girls boarding secondary school","Kirinyaga","Kagio","Girls","Kabuta, Kenya","+254 791 486666","","","","","OPERATIONAL","google_places","https://www.google.com/maps/place/?q=place_id:ChIJW61PajWZKBgRVFCbGgBb6no","ChIJW61PajWZKBgRVFCbGgBb6no","Low","20","No website","FALSE","address/name references Murang County, not Kirinyaga; missing email; missing website","","","","","","","","","","","","","","Unknown","2026-07-22"
"Mutira Girls High School","Kirinyaga","Kagio","Girls","G67J+84, Kagumo, Kenya","","","","","","OPERATIONAL","google_places","https://www.google.com/maps/place/?q=place_id:ChIJz8C4GluBKBgRxdfyrXV9o4Y","ChIJz8C4GluBKBgRxdfyrXV9o4Y","Unknown","0","No website; Phone missing; Currently closed (per Google)","FALSE","missing phone; missing email; missing website","","","","","","","","","","","","","","Unknown","2026-07-22"
"Mutus mixed day secondary schl","Kirinyaga","Mwea","Mixed Day","Embu - Kiritiri Rd, Kenya","+254 720 081527","","","","","OPERATIONAL","google_places","https://www.google.com/maps/place/?q=place_id:ChIJi1Jlvbw_JhgRiRBsqnukc-U","ChIJi1Jlvbw_JhgRiRBsqnukc-U","Low","20","No website; Currently closed (per Google)","FALSE","address/name references Embu County, not Kirinyaga; missing email; missing website","","","","","","","","","","","","","","Unknown","2026-07-22"
"MWEA APEX COLLEGE","Kirinyaga","Mwea","Unknown","Lainisha Sacco Building, Wang'uru, Kenya","+254 704 913466","http://www.mweaapexcollege.ac.ke/","info@mweaapexcollege.ac.ke","4","7","OPERATIONAL","google_places","https://www.google.com/maps/place/?q=place_id:ChIJ1W1v9A4hJhgRQ110XEwIMTM","ChIJ1W1v9A4hJhgRQ110XEwIMTM","High","80","Email inferred; Currently closed (per Google)","FALSE","out of scope: college","info@mweaapexcollege.ac.ke","","","https://www.facebook.com/ApexCollegeMwea","http://www.mweaapexcollege.ac.ke/contact","","","","","official_website:http://www.mweaapexcollege.ac.ke","","http://www.mweaapexcollege.ac.ke; http://www.mweaapexcollege.ac.ke/contact; http://www.mweaapexcollege.ac.ke/contact-us; http://www.mweaapexcollege.ac.ke/about; http://www.mweaapexcollege.ac.ke/about-us","official_website:http://www.mweaapexcollege.ac.ke","Verified","2026-07-22"
"Mwea Boys High School","Kirinyaga","Wanguru","Boys","Mwea Boys High School, Kenya","","","","","","","google_places","https://www.google.com/maps/place/?q=place_id:ChIJ22lDtzohJhgRCpwPsoeXA38","ChIJ22lDtzohJhgRCpwPsoeXA38","Unknown","0","No website; Phone missing","FALSE","missing phone; missing email; missing website","","","","","","","","","","","","","","Unknown","2026-07-22"
"Mwea boys secondary school","Kirinyaga","Kutus","Boys","Kerugoya Kirinyaga, Kenya","+254 720 414193","","","","","OPERATIONAL","google_places","https://www.google.com/maps/place/?q=place_id:ChIJ0eqZA9YhJhgRcq_WV-fyItM","ChIJ0eqZA9YhJhgRcq_WV-fyItM","Low","20","No website; Currently closed (per Google)","FALSE","missing email; missing website","","","","","","","","","","","","","","Unknown","2026-07-22"
"Mwea Central Academy","Kirinyaga","Wanguru","Academy","Mwea Central Academy, Kenya","","","","","","","google_places","https://www.google.com/maps/place/?q=place_id:ChIJDQoEcQAhJhgRWQ_kpXZXHXk","ChIJDQoEcQAhJhgRWQ_kpXZXHXk","Unknown","0","No website; Phone missing","FALSE","missing phone; missing email; missing website","","","","","","","","","","","","","","Unknown","2026-07-22"
"Mwea Mixed Secondary","Kirinyaga","Mwea","Mixed Day","Mashamba, Kenya","+254 721 256681","","","","","OPERATIONAL","google_places","https://www.google.com/maps/place/?q=place_id:ChIJLbhV3BcVJhgRrKDWJx9Cyas","ChIJLbhV3BcVJhgRrKDWJx9Cyas","Low","20","No website; Currently closed (per Google)","FALSE","missing email; missing website","","","","","","","","","","","","","","Unknown","2026-07-22"
"Mwea Secondary School","Kirinyaga","Mwea","Public Secondary","2X5C+FJ2, Ngenda, Kenya","+254 716 262148","","","","","OPERATIONAL","google_places","https://www.google.com/maps/place/?q=place_id:ChIJIeGn1PJLLxgRyWGq1H96c60","ChIJIeGn1PJLLxgRyWGq1H96c60","Low","20","No website; Currently closed (per Google)","FALSE","missing email; missing website","","","","","","","","","","","","","","Unknown","2026-07-22"
"Mwea Technical and Vocational College","Kirinyaga","Wanguru","Unknown","Wang'uru, Kenya","+254 703 837330","https://mweatvc.ac.ke/","mweatvc19@gmail.com","4.9","7","OPERATIONAL","google_places","https://www.google.com/maps/place/?q=place_id:ChIJMRhF4mgjJhgRTxiOGM9W5K4","ChIJMRhF4mgjJhgRTxiOGM9W5K4","High","80","Currently closed (per Google)","FALSE","out of scope: college","","","","","","","","","","","","","","Unknown","2026-07-22"
"mwea top mark academy","Kirinyaga","Wanguru","Academy","8972+CGH, Wang'uru, Kenya","","","","","","OPERATIONAL","google_places","https://www.google.com/maps/place/?q=place_id:ChIJjbLcIrohJhgRbgAB1i5z1ZM","ChIJjbLcIrohJhgRbgAB1i5z1ZM","Unknown","0","No website; Phone missing","FALSE","missing phone; missing email; missing website","","","","","","","","","","","","","","Unknown","2026-07-22"
"Ndia Technical and Professional College","Kirinyaga","Sagana","Unknown","96C7+VPW, Sagana, Kenya","+254 799 906614","https://ndiatvc.ac.ke/","","4.3","7","OPERATIONAL","google_places","https://www.google.com/maps/place/?q=place_id:ChIJ54uiIgCdKBgRYTaSPWXf4xE","ChIJ54uiIgCdKBgRYTaSPWXf4xE","Medium","60","Currently closed (per Google)","FALSE","out of scope: college; missing email","ndiatechnical@gmail.com","","","https://web.facebook.com/NdiaTechnical","https://ndiatvc.ac.ke/contact","","","","","contact_page:https://ndiatvc.ac.ke/contact","","https://ndiatvc.ac.ke; https://ndiatvc.ac.ke/contact; https://ndiatvc.ac.ke/contact-us; https://ndiatvc.ac.ke/about; https://ndiatvc.ac.ke/about-us","official_website:https://ndiatvc.ac.ke","High","2026-07-22"
"New Era Complex","Kirinyaga","Kagio","Unknown","kandongu, kagio road, 97C3+MQ3, Kagio, Kenya","+254 722 858224","http://neweracomplex.sc.ke/","info@neweracomplex.sc.ke","","","OPERATIONAL","google_places","https://www.google.com/maps/place/?q=place_id:ChIJuUjlf-ydKBgRrYRBDIwtqU0","ChIJuUjlf-ydKBgRrYRBDIwtqU0","High","60","Email inferred","FALSE","","info@neweracomplex.sc.ke","","","","http://neweracomplex.sc.ke/contact","","","","","official_website:http://neweracomplex.sc.ke","","http://neweracomplex.sc.ke; http://neweracomplex.sc.ke/contact; http://neweracomplex.sc.ke/contact-us; http://neweracomplex.sc.ke/about; http://neweracomplex.sc.ke/about-us","","Verified","2026-07-22"
"Ngaru Girls High School","Kirinyaga","Kerugoya","Girls","F76P+QP6, Kerugoya, Kenya","+254 723 071993","","","","","OPERATIONAL","google_places","https://www.google.com/maps/place/?q=place_id:ChIJe_LcHviBKBgRq_7SNAPAd20","ChIJe_LcHviBKBgRq_7SNAPAd20","Low","20","No website; Currently closed (per Google)","FALSE","missing email; missing website","","","","","","","","","","","","","","Unknown","2026-07-22"
"Ngaru girls' secondary school","Kirinyaga","Kerugoya","Girls","Kerugoya Kirinyaga, Kenya","+254 60 21129","","","","","OPERATIONAL","google_places","https://www.google.com/maps/place/?q=place_id:ChIJ01U07UiBKBgRFBvlw12eDcQ","ChIJ01U07UiBKBgRFBvlw12eDcQ","Low","20","No website; Currently closed (per Google)","FALSE","missing email; missing website","","","","","","","","","","","","","","Unknown","2026-07-22"
"Ngiriambu girls high school","Kirinyaga","Kagio","Girls","Kerugoya Kirinyaga, Kenya","+254 724 142862","","","","","OPERATIONAL","google_places","https://www.google.com/maps/place/?q=place_id:ChIJZ3Us-44rJhgRCIvXqnUh6Ew","ChIJZ3Us-44rJhgRCIvXqnUh6Ew","Low","20","No website; Currently closed (per Google)","FALSE","missing email; missing website","","","","","","","","","","","","","","Unknown","2026-07-22"
"Nguka secondary school","Kirinyaga","Wanguru","Public Secondary","202, Wang'uru, Kenya","","","","","","OPERATIONAL","google_places","https://www.google.com/maps/place/?q=place_id:ChIJ9YT1YFQhJhgRv8r0pI2BApk","ChIJ9YT1YFQhJhgRv8r0pI2BApk","Unknown","0","No website; Phone missing","FALSE","missing phone; missing email; missing website","","","","","","","","","","","","","","Unknown","2026-07-22"
"Ngurubani PCEA Academy","Kirinyaga","Wanguru","Academy","Ngurubani PCEA Academy, B6, Wang'uru, Kenya","","","","","","","google_places","https://www.google.com/maps/place/?q=place_id:ChIJOxWrUBEhJhgR23YjNcd2uH8","ChIJOxWrUBEhJhgR23YjNcd2uH8","Unknown","0","No website; Phone missing","FALSE","missing phone; missing email; missing website","","","","","","","","","","","","","","Unknown","2026-07-22"
"Ngurubani Primary School","Kirinyaga","Wanguru","Unknown","Ngurubani Primary School, Wang'uru, Kenya","","","","","","","google_places","https://www.google.com/maps/place/?q=place_id:ChIJrWNeqAkhJhgRSmAx6EpyqDg","ChIJrWNeqAkhJhgRSmAx6EpyqDg","Unknown","0","No website; Phone missing","FALSE","out of scope: primary school; missing phone; missing email; missing website","","","","","","","","","","","","","","Unknown","2026-07-22"
"Ngurubani Secondary School","Kirinyaga","Wanguru","Public Secondary","Ngurubani Primary School, Wang'uru, Kenya","+254 722 695603","","","4","16","OPERATIONAL","google_places","https://www.google.com/maps/place/?q=place_id:ChIJ5TyYCQkhJhgRPq82N5U0sWc","ChIJ5TyYCQkhJhgRPq82N5U0sWc","Low","60","No website","FALSE","missing email; missing website","","","","","","","","","","","","","","Unknown","2026-07-22"
"Njega boys' secondary school","Kirinyaga","Kutus","Boys","Mutira Kirinyaga, Kenya","+254 720 242231","","","","","OPERATIONAL","google_places","https://www.google.com/maps/place/?q=place_id:ChIJl6GiE7CDKBgRVwp4b-uFpKE","ChIJl6GiE7CDKBgRVwp4b-uFpKE","Low","20","No website; Currently closed (per Google)","FALSE","missing email; missing website","","","","","","","","","","","","","","Unknown","2026-07-22"
"Njega Secondary School","Kirinyaga","Baricho","Public Secondary","C7HH+3V8 Njega Secondary School, Baricho, Kenya","","","","","","","google_places","https://www.google.com/maps/place/?q=place_id:ChIJqW_35YuCKBgRjeNyRRO_ECo","ChIJqW_35YuCKBgRjeNyRRO_ECo","Unknown","0","No website; Phone missing","FALSE","missing phone; missing email; missing website","","","","","","","","","","","","","","Unknown","2026-07-22"
"Nyaikungu Secondary school","Kirinyaga","Wanguru","Public Secondary","P.O BOX 233 - 10306, Kagio, Kenya","","","","","","OPERATIONAL","google_places","https://www.google.com/maps/place/?q=place_id:ChIJ7RZEjcInJhgRB0Zef4OV2gE","ChIJ7RZEjcInJhgRB0Zef4OV2gE","Unknown","0","No website; Phone missing; Currently closed (per Google)","FALSE","missing phone; missing email; missing website","","","","","","","","","","","","","","Unknown","2026-07-22"
"Park End Junior Academy","Kirinyaga","Wanguru","Junior Secondary","Park End Jr Academy, Kenya","","","","","","","google_places","https://www.google.com/maps/place/?q=place_id:ChIJXeUd-p0hJhgRKAfuUWfK5d0","ChIJXeUd-p0hJhgRKAfuUWfK5d0","Unknown","0","No website; Phone missing","FALSE","missing phone; missing email; missing website","","","","","","","","","","","","","","Unknown","2026-07-22"
"Petanns driving school And Computer college Kagio","Kirinyaga","Kagio","Unknown","Opp Fortune Sacco Kagio, Kagio,Kirinyaga, Kenya","+254 798 699951","","","5","1","OPERATIONAL","google_places","https://www.google.com/maps/place/?q=place_id:ChIJlUwVhXedKBgRseQlPpi3Bmo","ChIJlUwVhXedKBgRseQlPpi3Bmo","Low","40","No website; Currently closed (per Google)","FALSE","out of scope: college; missing email; missing website","","","","","","","","","","","","","","Unknown","2026-07-22"
"Philadelphia High School - Murang'a (Konguini)","Kirinyaga","Sagana","Public Secondary","Mukuyu-Kambirwa, Kenya","+254 20 2090661","http://philadelphiahighschool-muranga.weebly.com/","","4.5","2","OPERATIONAL","google_places","https://www.google.com/maps/place/?q=place_id:ChIJ0Ym6n1miKBgRUHJNY648LV4","ChIJ0Ym6n1miKBgRUHJNY648LV4","Medium","60","","FALSE","address/name references Murang County, not Kirinyaga; missing email","","","","","http://philadelphiahighschool-muranga.weebly.com/contact-us","","","","","","","http://philadelphiahighschool-muranga.weebly.com; http://philadelphiahighschool-muranga.weebly.com/contact-us; http://philadelphiahighschool-muranga.weebly.com/about-us","","Unknown","2026-07-22"
"Pioneer Junior Academy","Kirinyaga","Sagana","Junior Secondary","Along Kenol-Sagana Road, Samar, Pioneer junior school, 33421, Sagana, Kenya","+254 20 5038228","https://www.pioneerjunioracademy.co.ke/","","","","OPERATIONAL","google_places","https://www.google.com/maps/place/?q=place_id:ChIJiQd6uv6ZKBgR-at9fuAQs5o","ChIJiQd6uv6ZKBgR-at9fuAQs5o","Medium","40","Website unreachable; Currently closed (per Google)","FALSE","missing email","","","","","https://www.pioneerjunioracademy.co.ke/contact-us","","","","","","","https://www.pioneerjunioracademy.co.ke/contact-us; https://www.pioneerjunioracademy.co.ke/about; https://www.pioneerjunioracademy.co.ke/about-us","","Unknown","2026-07-22"
"Prime Start Academy","Kirinyaga","Kutus","Academy","C8HC+4X8, Kutus, Kenya","+254 720 206545","http://www.primestartacademy.com/","","","","OPERATIONAL","google_places","https://www.google.com/maps/place/?q=place_id:ChIJ-YYE3UsoJhgRWY31btvwQis","ChIJ-YYE3UsoJhgRWY31btvwQis","Medium","40","Website unreachable; Currently closed (per Google)","FALSE","missing email","","","","","","","","","","","","","","Unknown","2026-07-22"
"Princess School Sagana1","Kirinyaga","Sagana","Unknown","Sagana, Kenya","","","","4","6","OPERATIONAL","google_places","https://www.google.com/maps/place/?q=place_id:ChIJuVRmkrmZKBgR9U2J9jEF5-Y","ChIJuVRmkrmZKBgR9U2J9jEF5-Y","Unknown","20","No website; Phone missing; Currently closed (per Google)","FALSE","missing phone; missing email; missing website","","","","","","","","","","","","","","Unknown","2026-07-22"
"Raliday Blossom School","Kirinyaga","Sagana","Unknown","Sagana, Kenya","+254 722 276747","","","5","2","OPERATIONAL","google_places","https://www.google.com/maps/place/?q=place_id:ChIJOxCD3ZSfKBgRK81Lrgcn1co","ChIJOxCD3ZSfKBgRK81Lrgcn1co","Low","40","No website; Currently closed (per Google)","FALSE","missing email; missing website","","","","","","","","","","","","","","Unknown","2026-07-22"
"Rapids Camp Sagana Upper Car Park","Kirinyaga","Sagana","Unknown","Rapids Camp, Upper Car Park, Riandira School, Sagana, Kenya","+254 732 308026","https://raftinginkenya.com/","info@raftinginkenya.com","4.6","99","OPERATIONAL","google_places","https://www.google.com/maps/place/?q=place_id:ChIJ____PAmfKBgRtUCl7OaZ-Sc","ChIJ____PAmfKBgRtUCl7OaZ-Sc","High","100","","FALSE","out of scope: camp; suspected website mismatch (school name not found in website domain — verify by hand)","info@raftinginkenya.com","","","https://www.facebook.com/rapidcampsagana/","","","","","","official_website:https://raftinginkenya.com","","https://raftinginkenya.com; https://raftinginkenya.com/about; https://raftinginkenya.com/about-us","official_website:https://raftinginkenya.com","Verified","2026-07-22"
"Ridgemount School Kirinyaga","Kirinyaga","Kutus","Unknown","Kirinyaga, Ndia, Kiambagathi, Kenya, Kenya","+254 733 728182","","","4.8","6","OPERATIONAL","google_places","https://www.google.com/maps/place/?q=place_id:ChIJebe1ruV9KBgROMr7yFCF7V8","ChIJebe1ruV9KBgROMr7yFCF7V8","Low","40","No website; Currently closed (per Google)","FALSE","missing email; missing website","","","","","","","","","","","","","","Unknown","2026-07-22"
"Roka Preparatory Academy","Kirinyaga","Wanguru","Academy","89G5+WPV Roka Preparatory Academy, Wang'uru, Kenya","","","","","","","google_places","https://www.google.com/maps/place/?q=place_id:ChIJOyXCDT8hJhgRzB3pd6UjKqo","ChIJOyXCDT8hJhgRzB3pd6UjKqo","Unknown","0","No website; Phone missing","FALSE","missing phone; missing email; missing website","","","","","","","","","","","","","","Unknown","2026-07-22"
"Rurii Mixed Secondary School","Kirinyaga","Wanguru","Mixed Day","P.O. Box 48 - 10303, Wang'uru, Wang'uru, Kenya","+254 722 352742","","","","","OPERATIONAL","google_places","https://www.google.com/maps/place/?q=place_id:ChIJc2QKTA4fJhgRzPm1VYtxnuA","ChIJc2QKTA4fJhgRzPm1VYtxnuA","Low","20","No website","FALSE","missing email; missing website","","","","","","","","","","","","","","Unknown","2026-07-22"
"Rurii Mixed secondary school GOK","Kirinyaga","Wanguru","Mixed Day","788H+QF4, Wamumu, Kenya","","https://ruriisecondary.sc.ke/","","","","OPERATIONAL","google_places","https://www.google.com/maps/place/?q=place_id:ChIJ86lnRwAfJhgRWyJTsL2TkIo","ChIJ86lnRwAfJhgRWyJTsL2TkIo","Low","20","Website unreachable; Phone missing","FALSE","missing phone; missing email","","","","","","","","","","","","","","Unknown","2026-07-22"
"Sacred Heart","Kirinyaga","Sagana","Unknown","75H4+MPM, Murang'a, Kenya","","","","5","3","OPERATIONAL","google_places","https://www.google.com/maps/place/?q=place_id:ChIJb-rSlXeYKBgR-MvfJLuezU0","ChIJb-rSlXeYKBgR-MvfJLuezU0","Unknown","20","No website; Phone missing","FALSE","address/name references Murang County, not Kirinyaga; missing phone; missing email; missing website","","","","","","","","","","","","","","Unknown","2026-07-22"
"Sagana Highway Girls High School","Kirinyaga","Sagana","Girls","779G+VGM, Makutano, Kenya","","","","","","OPERATIONAL","google_places","https://www.google.com/maps/place/?q=place_id:ChIJAQAALRagKBgRFEc-BGQOIK0","ChIJAQAALRagKBgRFEc-BGQOIK0","Unknown","0","No website; Phone missing","FALSE","missing phone; missing email; missing website","","","","","","","","","","","","","","Unknown","2026-07-22"
"Sagana Institute Of Professional Studies","Kirinyaga","Sagana","Unknown","86J4+5CX, Sagana, Kenya","","","","","","OPERATIONAL","google_places","https://www.google.com/maps/place/?q=place_id:ChIJU3hTVDaZKBgRtQs-C-0L9Z0","ChIJU3hTVDaZKBgRtQs-C-0L9Z0","Unknown","0","No website; Phone missing","FALSE","missing phone; missing email; missing website","","","","","","","","","","","","","","Unknown","2026-07-22"
"Sagana Muslim Primary","Kirinyaga","Sagana","Unknown","Sagana, Kenya","","","","","","OPERATIONAL","google_places","https://www.google.com/maps/place/?q=place_id:ChIJ8RueH82eKBgR1BIHL3h3F4A","ChIJ8RueH82eKBgR1BIHL3h3F4A","Unknown","0","No website; Phone missing","FALSE","out of scope: primary school; missing phone; missing email; missing website","","","","","","","","","","","","","","Unknown","2026-07-22"
"Sagana Secondary School","Kirinyaga","Sagana","Public Secondary","86G7+W9P, Sagana, Kenya","","","","","","OPERATIONAL","google_places","https://www.google.com/maps/place/?q=place_id:ChIJJSZ-CfufKBgRLs-DDmasjfs","ChIJJSZ-CfufKBgRLs-DDmasjfs","Unknown","0","No website; Phone missing","FALSE","missing phone; missing email; missing website","","","","","","","","","","","","","","Unknown","2026-07-22"
"SAGANA TECHNICAL TRAINING INSTITUTE","Kirinyaga","Sagana","Unknown","24, Sagana, Kenya","+254 728 956852","http://www.saganatechnical.ac.ke/","info@saganatechnical.ac.ke","4.3","9","OPERATIONAL","google_places","https://www.google.com/maps/place/?q=place_id:ChIJ01PU9ayeKBgR8rmgD1A9wZc","ChIJ01PU9ayeKBgR8rmgD1A9wZc","High","80","Email inferred; Currently closed (per Google)","FALSE","out of scope: technical institute","info@saganatechnical.ac.ke","","","","http://www.saganatechnical.ac.ke/contact","","","","","official_website:http://www.saganatechnical.ac.ke","","http://www.saganatechnical.ac.ke; http://www.saganatechnical.ac.ke/contact; http://www.saganatechnical.ac.ke/about; http://www.saganatechnical.ac.ke/about-us","","Verified","2026-07-22"
"Sagana Township Primary School","Kirinyaga","Sagana","Unknown","Sagana Township Primary School, Kenya","","","","","","","google_places","https://www.google.com/maps/place/?q=place_id:ChIJZwx1ejOZKBgRgPoS6GYsdK0","ChIJZwx1ejOZKBgRgPoS6GYsdK0","Unknown","0","No website; Phone missing","FALSE","out of scope: primary school; missing phone; missing email; missing website","","","","","","","","","","","","","","Unknown","2026-07-22"
"Saint Pauls Kutus Primary School","Kirinyaga","Kutus","Unknown","Saint Pauls Kutus Primary School, Kenya","","","","","","","google_places","https://www.google.com/maps/place/?q=place_id:ChIJvzsivUYoJhgRu0fQKyJ489s","ChIJvzsivUYoJhgRu0fQKyJ489s","Unknown","0","No website; Phone missing","FALSE","out of scope: primary school; missing phone; missing email; missing website","","","","","","","","","","","","","","Unknown","2026-07-22"
"Sanfields Academy","Kirinyaga","Baricho","Academy","C6W6+RCG, Baricho, Kenya","+254 114 104330","","","","","OPERATIONAL","google_places","https://www.google.com/maps/place/?q=place_id:ChIJ98NAoyeFKBgReCI7PMX8MoA","ChIJ98NAoyeFKBgReCI7PMX8MoA","Low","20","No website; Currently closed (per Google)","FALSE","missing email; missing website","","","","","","","","","","","","","","Unknown","2026-07-22"
"Schemes.co.ke – CBC Teaching Resources","Kirinyaga","Mwea","Unknown","Nairobi, Kenya","+254 105 146210","https://schemes.co.ke/","","5","1","OPERATIONAL","google_places","https://www.google.com/maps/place/?q=place_id:ChIJt_fuSvwRLxgRvIgX4MzygaM","ChIJt_fuSvwRLxgRvIgX4MzygaM","Medium","60","Website unreachable","FALSE","out of scope: teaching-resources business; missing email","","","","","","","","","","","","","","Unknown","2026-07-22"
"SpringBoard Girls' High School","Kirinyaga","Kerugoya","Girls","G756+MVC, Kerugoya, Kenya","+254 793 312990","","","","","OPERATIONAL","google_places","https://www.google.com/maps/place/?q=place_id:ChIJe2Nli2aAKBgRsrsrX1jZHck","ChIJe2Nli2aAKBgRsrsrX1jZHck","Low","20","No website; Currently closed (per Google)","FALSE","missing email; missing website","","","","","","","","","","","","","","Unknown","2026-07-22"
"St Elizabeth Junior School","Kirinyaga","Kerugoya","Junior Secondary","G786+58V, Kerugoya, Kenya","+254 720 449207","","","4","4","OPERATIONAL","google_places","https://www.google.com/maps/place/?q=place_id:ChIJAx3NMPCBKBgRn6nRLkycPuM","ChIJAx3NMPCBKBgRn6nRLkycPuM","Low","40","No website; Currently closed (per Google)","FALSE","missing email; missing website","","","","","","","","","","","","","","Unknown","2026-07-22"
"St James Kiaritha Secondary School","Kirinyaga","Kerugoya","Public Secondary","P.O Box 1326, C74, Kenya","","","","","","OPERATIONAL","google_places","https://www.google.com/maps/place/?q=place_id:ChIJRRNxyGmAKBgRfUTpTJIACvE","ChIJRRNxyGmAKBgRfUTpTJIACvE","Unknown","0","No website; Phone missing","FALSE","missing phone; missing email; missing website","","","","","","","","","","","","","","Unknown","2026-07-22"
"ST MARYS MWEA GIRLS SECONDARY SCHOOL","Kirinyaga","Kagio","Girls","Along Kagio - Mutithi Road (Kandongu Town, Kenya","+254 705 969800","","","","","OPERATIONAL","google_places","https://www.google.com/maps/place/?q=place_id:ChIJ51Ckq1mfKBgRE7SZ7NGa4Rc","ChIJ51Ckq1mfKBgRE7SZ7NGa4Rc","Low","20","No website; Currently closed (per Google)","FALSE","missing email; missing website","","","","","","","","","","","","","","Unknown","2026-07-22"
"ST MICHAEL GILRS KERUGOYA","Kirinyaga","Kerugoya","Unknown","KERUGOYA CENTRAL-KIRINYAGA KERUGOYA, Kutus, Kenya","+254 20 3318581","","","","","OPERATIONAL","google_places","https://www.google.com/maps/place/?q=place_id:ChIJbx73BzmAKBgRp0UIbIVYW3Q","ChIJbx73BzmAKBgRp0UIbIVYW3Q","Low","20","No website; Currently closed (per Google)","FALSE","missing email; missing website","","","","","","","","","","","","","","Unknown","2026-07-22"
"ST MICHAEL GIRLS BOARDING PRIMARY SCHOOL","Kirinyaga","Kianyaga","Girls","Kerugoya - Karatina Rd,Kerugoya Kirinyaga, Kenya","+254 700 452467","","","","","OPERATIONAL","google_places","https://www.google.com/maps/place/?q=place_id:ChIJdbAIKTSBKBgR_ZnfU_Z1-Ok","ChIJdbAIKTSBKBgR_ZnfU_Z1-Ok","Low","20","No website; Currently closed (per Google)","FALSE","out of scope: primary school; missing email; missing website","","","","","","","","","","","","","","Unknown","2026-07-22"
"St Teresa Academy","Kirinyaga","Baricho","Academy","Baricho, Kenya","","","","","","OPERATIONAL","google_places","https://www.google.com/maps/place/?q=place_id:ChIJG6ChXi-CKBgRSNTOQqdWpHk","ChIJG6ChXi-CKBgRSNTOQqdWpHk","Unknown","0","No website; Phone missing","FALSE","missing phone; missing email; missing website","","","","","","","","","","","","","","Unknown","2026-07-22"
"St. Agatha Kanyekine Girls","Kirinyaga","Kagio","Girls","F72C+M2C, Kianjege, Kenya","+254 796 563575","","","","","OPERATIONAL","google_places","https://www.google.com/maps/place/?q=place_id:ChIJGR-V6jeDKBgReOu6ok-5bQ4","ChIJGR-V6jeDKBgReOu6ok-5bQ4","Low","20","No website; Currently closed (per Google)","FALSE","missing email; missing website","","","","","","","","","","","","","","Unknown","2026-07-22"
"St. Anne's Gituba Girls Secondary School","Kirinyaga","Kianyaga","Girls","P.O Box 38, Kenya","","http://stannegitubagirls.sc.ke/","","","","OPERATIONAL","google_places","https://www.google.com/maps/place/?q=place_id:ChIJVXcBHW_TJxgRz9EH0lbdocA","ChIJVXcBHW_TJxgRz9EH0lbdocA","Low","20","Website unreachable; Phone missing","FALSE","missing phone; missing email","","","","","","","","","","","","","","Unknown","2026-07-22"
"St. Augustine Mwea Boys High School","Kirinyaga","Wanguru","Boys","karira Road, Kenya","","","","","","OPERATIONAL","google_places","https://www.google.com/maps/place/?q=place_id:ChIJdf__eEchJhgRHa2YbAlgZXA","ChIJdf__eEchJhgRHa2YbAlgZXA","Unknown","0","No website; Phone missing","FALSE","missing phone; missing email; missing website","","","","","","","","","","","","","","Unknown","2026-07-22"
"St. Cathreen Academy","Kirinyaga","Kagio","Academy","97F5+679, Kagio, Kenya","","","","","","OPERATIONAL","google_places","https://www.google.com/maps/place/?q=place_id:ChIJW1a1FAGdKBgRB1OdlAn35TA","ChIJW1a1FAGdKBgRB1OdlAn35TA","Unknown","0","No website; Phone missing","FALSE","missing phone; missing email; missing website","","","","","","","","","","","","","","Unknown","2026-07-22"
"St. James Achievers School","Kirinyaga","Wanguru","Unknown","Mururi, Kenya","+254 798 879477","","","","","OPERATIONAL","google_places","https://www.google.com/maps/place/?q=place_id:ChIJ03tI9BgpJhgRI90gR5UQCgY","ChIJ03tI9BgpJhgRI90gR5UQCgY","Low","20","No website; Currently closed (per Google)","FALSE","missing email; missing website","","","","","","","","","","","","","","Unknown","2026-07-22"
"ST. JAMES CATHEDRAL PRIMARY SCHOOL MURANG'A","Kirinyaga","Sagana","Unknown","TOWNSHIP, Murang'a, Kenya","+254 795 719577","http://stjamescathedral.sc.ke/","","","","OPERATIONAL","google_places","https://www.google.com/maps/place/?q=place_id:ChIJk5MMfq-ZKBgRVVklLOLw58Y","ChIJk5MMfq-ZKBgRVVklLOLw58Y","Medium","40","Website unreachable; Currently closed (per Google)","FALSE","out of scope: primary school; missing email","","","","","","","","","","","","","","Unknown","2026-07-22"
"St. James Hekima Academy","Kirinyaga","Kagio","Academy","969R+CM, Kagio, Kenya","","","","","","OPERATIONAL","google_places","https://www.google.com/maps/place/?q=place_id:ChIJXUdNghqdKBgRWI4rHGhtq_A","ChIJXUdNghqdKBgRWI4rHGhtq_A","Unknown","0","No website; Phone missing","FALSE","missing phone; missing email; missing website","","","","","","","","","","","","","","Unknown","2026-07-22"
"St. philips baricho sec sch","Kirinyaga","Baricho","Unknown","Kiine, Kenya","+254 725 835903","","","","","OPERATIONAL","google_places","https://www.google.com/maps/place/?q=place_id:ChIJc5rHoseDKBgR7o33LAfCYEE","ChIJc5rHoseDKBgR7o33LAfCYEE","Low","20","No website; Currently closed (per Google)","FALSE","missing email; missing website","","","","","","","","","","","","","","Unknown","2026-07-22"
"St. Timothy Academy","Kirinyaga","Sagana","Academy","C71, Kenya","","","","","","OPERATIONAL","google_places","https://www.google.com/maps/place/?q=place_id:ChIJVVVV1E-ZKBgR6ZlRt61jJfo","ChIJVVVV1E-ZKBgR6ZlRt61jJfo","Unknown","0","No website; Phone missing","FALSE","missing phone; missing email; missing website","","","","","","","","","","","","","","Unknown","2026-07-22"
"St. trizas Kutus Girls High School","Kirinyaga","Kutus","Girls","C73, Musa Mumai Academy, Kutus, Kenya","+254 702 370918","","","","","OPERATIONAL","google_places","https://www.google.com/maps/place/?q=place_id:ChIJf6spcwkpJhgRcktOe3cePgI","ChIJf6spcwkpJhgRcktOe3cePgI","Low","20","No website; Currently closed (per Google)","FALSE","missing email; missing website","","","","","","","","","","","","","","Unknown","2026-07-22"
"The Emmanuel School At Rukenya","Kirinyaga","Kutus","Unknown","Kianyaga Road, Kenya","+254 728 915525","","","","","OPERATIONAL","google_places","https://www.google.com/maps/place/?q=place_id:ChIJUe_zZ4gpJhgRnm7bIUAeP0E","ChIJUe_zZ4gpJhgRnm7bIUAeP0E","Low","20","No website; Currently closed (per Google)","FALSE","missing email; missing website","","","","","","","","","","","","","","Unknown","2026-07-22"
"The Lighthouse Academy","Kirinyaga","Kianyaga","Academy","Mutunduri, Kenya","+254 790 526364","","","4.2","23","OPERATIONAL","google_places","https://www.google.com/maps/place/?q=place_id:ChIJaXhn06vSJxgREB4ksRI2LgY","ChIJaXhn06vSJxgREB4ksRI2LgY","Low","60","No website; Currently closed (per Google)","FALSE","missing email; missing website","","","","","","","","","","","","","","Unknown","2026-07-22"
"Thiba Glory Academy","Kirinyaga","Wanguru","Academy","Thiba Glory Academy, B6, Kenya","","","","","","","google_places","https://www.google.com/maps/place/?q=place_id:ChIJhSu0hKkhJhgRZHS2jzKPchg","ChIJhSu0hKkhJhgRZHS2jzKPchg","Unknown","0","No website; Phone missing","FALSE","missing phone; missing email; missing website","","","","","","","","","","","","","","Unknown","2026-07-22"
"TWIN FALLS, KUTUS KIRINYAGA","Kirinyaga","Kutus","Unknown","Kutus- Kerugoya Rd, Kenya","","","","3.9","45","OPERATIONAL","google_places","https://www.google.com/maps/place/?q=place_id:ChIJkYWafWQpJhgRZ1aL-i6WPiE","ChIJkYWafWQpJhgRZ1aL-i6WPiE","Unknown","40","No website; Phone missing; Currently closed (per Google)","FALSE","missing phone; missing email; missing website","","","","","","","","","","","","","","Unknown","2026-07-22"
"Upper Sagana Primary School","Kirinyaga","Sagana","Unknown","Sagana Karatina Rd, Kenya","","","","","","OPERATIONAL","google_places","https://www.google.com/maps/place/?q=place_id:ChIJvwO5OVaZKBgRvJcnxlj4de4","ChIJvwO5OVaZKBgRvJcnxlj4de4","Unknown","0","No website; Phone missing; Currently closed (per Google)","FALSE","out of scope: primary school; missing phone; missing email; missing website","","","","","","","","","","","","","","Unknown","2026-07-22"
"Valley Road Academy (Karinga Mca Tebere)","Kirinyaga","Wanguru","Academy","8964+5GX, Wang'uru, Kenya","","","","","","OPERATIONAL","google_places","https://www.google.com/maps/place/?q=place_id:ChIJJ362etkhJhgRxOL_oGNLs08","ChIJJ362etkhJhgRxOL_oGNLs08","Unknown","0","No website; Phone missing","FALSE","missing phone; missing email; missing website","","","","","","","","","","","","","","Unknown","2026-07-22"
"Wachoro boys high school","Kirinyaga","Wanguru","Boys","67PG+77H, Makutano, Kenya","","","","","","OPERATIONAL","google_places","https://www.google.com/maps/place/?q=place_id:ChIJY2-_KuugKBgRvUsCbZCYrCc","ChIJY2-_KuugKBgRvUsCbZCYrCc","Unknown","0","No website; Phone missing","FALSE","missing phone; missing email; missing website","","","","","","","","","","","","","","Unknown","2026-07-22"
"Wang'ru Girls Secondary School","Kirinyaga","Wanguru","Girls","89C6+573, Wang'uru, Kenya","","","","","","OPERATIONAL","google_places","https://www.google.com/maps/place/?q=place_id:ChIJAQAAMBMhJhgR7paT6Bc8Pvk","ChIJAQAAMBMhJhgR7paT6Bc8Pvk","Unknown","0","No website; Phone missing","FALSE","missing phone; missing email; missing website","","","","","","","","","","","","","","Unknown","2026-07-22"
"Wang'uru Girls High School","Kirinyaga","Wanguru","Girls","89C5+2Q9, Wang'uru, Kenya","","","","","","OPERATIONAL","google_places","https://www.google.com/maps/place/?q=place_id:ChIJAQAAAA0hJhgR-3Vi1flwIUM","ChIJAQAAAA0hJhgR-3Vi1flwIUM","Unknown","0","No website; Phone missing","FALSE","missing phone; missing email; missing website","","","","","","","","","","","","","","Unknown","2026-07-22"
"Wang'uru Sec","Kirinyaga","Wanguru","Unknown","8996+MPP, Wang'uru, Kenya","","","","","","OPERATIONAL","google_places","https://www.google.com/maps/place/?q=place_id:ChIJj24bN20hJhgRFTeuyAjDd-Q","ChIJj24bN20hJhgRFTeuyAjDd-Q","Unknown","0","No website; Phone missing","FALSE","missing phone; missing email; missing website","","","","","","","","","","","","","","Unknown","2026-07-22"
"WANGURU GALZ HAE SKUL","Kirinyaga","Wanguru","Unknown","8995+WR7, Wang'uru, Kenya","","","","","","OPERATIONAL","google_places","https://www.google.com/maps/place/?q=place_id:ChIJb2ZEF4YhJhgRc3A-s12CPZE","ChIJb2ZEF4YhJhgRc3A-s12CPZE","Unknown","0","No website; Phone missing","FALSE","missing phone; missing email; missing website","","","","","","","","","","","","","","Unknown","2026-07-22"
"Werus Academy","Kirinyaga","Wanguru","Academy","Ruguru-Ngandori, Embu - Kiritiri Rd, Embu, Kenya","","","","","","OPERATIONAL","google_places","https://www.google.com/maps/place/?q=place_id:ChIJdeZEQwExJhgREz5bcu95FT8","ChIJdeZEQwExJhgREz5bcu95FT8","Unknown","0","No website; Phone missing; Currently closed (per Google)","FALSE","address/name references Embu County, not Kirinyaga; missing phone; missing email; missing website","","","","","","","","","","","","","","Unknown","2026-07-22"
"Wise Shepherd Academy","Kirinyaga","Wanguru","Academy","Wise Shepherd Academy, Wang'uru, Kenya","","","","","","","google_places","https://www.google.com/maps/place/?q=place_id:ChIJGYvaPnUhJhgRGT8DCv3ynIY","ChIJGYvaPnUhJhgRGT8DCv3ynIY","Unknown","0","No website; Phone missing","FALSE","missing phone; missing email; missing website","","","","","","","","","","","","","","Unknown","2026-07-22"
"Yahweh International Academy","Kirinyaga","Mwea","Academy","9CJ6+PR7, Riagicheru, Kenya","+254 799 390460","","","","","OPERATIONAL","google_places","https://www.google.com/maps/place/?q=place_id:ChIJ42jZVAAlJhgRuKCbz_mx-Bs","ChIJ42jZVAAlJhgRuKCbz_mx-Bs","Low","20","No website; Currently closed (per Google)","FALSE","missing email; missing website","","","","","","","","","","","","","","Unknown","2026-07-22"